"SEX","LENGTH","DIAM","HEIGHT","WHOLE","SHUCK","RINGS","CLASS","VOLUME","RATIO"
"I",5.565,4.095,1.26,11.5,4.3125,6,"A1",28.7137305,0.150189471200895
"I",3.675,2.625,0.84,3.5,1.1875,4,"A1",8.103375,0.146543878322304
"I",10.08,7.35,2.205,79.375,44,6,"A1",163.36404,0.269337119723533
"I",4.095,3.15,0.945,4.6875,2.25,3,"A1",12.18979125,0.184580683446897
"I",6.93,4.83,1.785,21.1875,9.875,6,"A1",59.7473415,0.165279320419637
"I",7.875,6.09,2.1,27.375,11.5625,6,"A1",100.713375,0.114806002678393
"I",6.3,4.62,1.68,16.029375,5.9375,5,"A1",48.89808,0.121426035541682
"I",6.615,4.935,1.575,18.5625,7.3125,6,"A1",51.415914375,0.14222250229115
"I",5.25,3.885,1.365,8.875,3.375,5,"A1",27.84088125,0.121224611020529
"I",6.615,4.83,1.47,20.5,7.8125,6,"A1",46.9671615,0.166339624335186
"I",6.195,4.62,1.47,17.0625,7.1875,6,"A1",42.072723,0.170835151316448
"I",5.67,4.2,1.47,12.5,4.25,5,"A1",35.00658,0.121405747148108
"I",4.515,3.255,1.26,6.759375,2.625,5,"A1",18.5173695,0.141758795707997
"I",5.88,4.2,1.575,15.3125,6.8125,5,"A1",38.8962,0.175145644047491
"I",6.3,4.83,1.785,14.625,6.25,6,"A1",54.315765,0.115067881304811
"I",3.885,2.835,0.84,3.375,1.3125,5,"A1",9.251739,0.141865221230301
"I",8.085,5.88,2.625,30.5,12.75,6,"A1",124.791975,0.1021700313662
"I",4.305,3.15,1.365,5.665,2.5,4,"A1",18.51042375,0.135059036668461
"I",7.455,5.67,1.575,22.1875,9.875,6,"A1",66.57501375,0.148328921674462
"I",8.4,6.09,2.1,33.4375,15.0625,5,"A1",107.4276,0.140210709352159
"I",9.135,6.825,2.31,45.875,19.9375,6,"A1",144.02012625,0.138435512585172
"I",6.93,4.305,1.995,19.9375,9.625,5,"A1",59.51813175,0.161715425484605
"I",7.14,5.355,1.575,22.5,9.3125,6,"A1",60.2196525,0.154642207541799
"I",6.3,4.935,1.68,16.375,6.25,4,"A1",52.23204,0.119658355293035
"I",8.4,6.3,2.415,39.75,16.6875,6,"A1",127.8018,0.130573278310634
"I",3.465,2.52,0.63,2.6875,0.875,3,"A1",5.501034,0.159061005621852
"I",8.61,6.72,1.995,36.3125,17.625,5,"A1",115.429104,0.152691127187473
"I",7.77,5.775,1.68,29.0625,11.625,6,"A1",75.38454,0.154209337882807
"I",3.99,2.94,0.63,3.9375,1.5625,3,"A1",7.390278,0.211426417247091
"I",5.46,4.2,1.47,11.5,4.625,6,"A1",33.71004,0.137199481222805
"I",6.405,4.725,1.89,18.3125,7.875,6,"A1",57.19825125,0.137679034374325
"I",7.98,6.09,2.1,29.625,13.5,6,"A1",102.05622,0.13228003153556
"I",5.88,4.515,1.68,16.5,9,5,"A1",44.600976,0.201789306135364
"I",7.665,5.67,1.785,24.625,10.1875,6,"A1",77.57708175,0.131321000612401
"I",9.24,7.245,2.415,68.125,33.625,6,"A1",161.669277,0.207986332492846
"I",5.04,3.675,1.155,8.8125,3.125,5,"A1",21.39291,0.146076433734354
"I",4.305,3.255,0.945,6.1875,2.9375,3,"A1",13.242072375,0.221830837108682
"I",5.25,3.78,1.26,9.125,3.5,5,"A1",25.0047,0.13997368494723
"I",5.775,4.62,1.68,17.0625,7.0625,6,"A1",44.82324,0.157563353296192
"I",7.35,5.25,1.47,22.5,8.1875,6,"A1",56.723625,0.144340210979111
"I",6.3,4.62,1.365,15.4375,7.375,5,"A1",39.72969,0.185629437330118
"I",2.835,2.73,0.84,3.625,1.5625,4,"A1",6.501222,0.24033943157148
"I",4.2,3.045,0.525,4.3125,1.375,5,"A1",6.714225,0.204789085858755
"I",4.725,3.36,0.945,7.08125,3.125,4,"A1",15.00282,0.208294174028616
"I",6.825,5.04,1.575,19,8.125,6,"A1",54.17685,0.149971805300603
"I",7.77,5.88,2.1,27.625,14.5625,6,"A1",95.94396,0.151781310673439
"I",8.61,6.825,2.1,40.5625,16.5,6,"A1",123.402825,0.133708446301776
"I",7.98,5.985,1.785,29.625,14.375,6,"A1",85.2521355,0.16861747703669
"I",6.72,4.935,1.365,17.3125,7.25,5,"A1",45.267768,0.160158106315293
"I",6.51,4.935,1.47,18.875,7.875,6,"A1",47.2264695,0.166749708021261
"I",7.665,5.67,1.785,23.4375,10.125,6,"A1",77.57708175,0.130515350301895
"I",9.87,7.455,2.52,46.0625,15.75,6,"A1",185.423742,0.0849405789685767
"I",3.78,2.73,0.945,4.055625,1.5625,3,"A1",9.751833,0.16022628771432
"I",7.14,5.145,1.785,25.1875,12.5625,6,"A1",65.5725105,0.191581806220459
"I",8.295,6.3,1.89,35.6875,17.3125,5,"A1",98.768565,0.175283502397752
"I",8.715,6.615,1.89,45.3125,21.875,6,"A1",108.95798025,0.200765468943244
"I",3.465,2.52,1.05,3.3475,0.9375,3,"A1",9.16839,0.102253503614048
"I",6.72,4.305,1.68,22.625,11,5,"A1",48.601728,0.226329401292069
"I",8.4,6.51,2.1,38.25,16.25,6,"A1",114.8364,0.141505655001376
"I",7.35,5.25,1.575,21.1875,10.4375,6,"A1",60.7753125,0.171739141612805
"I",6.825,5.04,1.575,23.375,10.3125,6,"A1",54.17685,0.190348829804612
"I",8.4,6.195,1.995,31.5,13.8125,6,"A1",103.81581,0.133048135924576
"I",5.355,3.99,1.575,10.8125,4.3125,5,"A1",33.65215875,0.128149282547884
"I",8.82,6.615,2.1,42.9375,19.625,6,"A1",122.52303,0.160173968926495
"I",2.73,1.995,0.735,1.93125,0.625,4,"A1",4.00306725,0.156130277351698
"I",8.82,6.405,1.89,41,21,6,"A1",106.770069,0.196684334820464
"I",5.04,3.675,0.945,9.65625,3.9375,5,"A1",17.50329,0.224957707950905
"I",7.665,5.67,1.89,26.9375,12.5625,6,"A1",82.1404395,0.152939283944299
"I",6.3,4.83,1.575,15.875,6.5,6,"A1",47.925675,0.135626676097937
"I",7.98,5.775,2.31,32,13.75,6,"A1",106.455195,0.129162320354587
"I",9.66,7.245,2.415,52.6875,23.6875,6,"A1",169.0178805,0.140147893997523
"I",3.36,2.31,0.525,2.25,0.8125,3,"A1",4.07484,0.199394332047393
"I",5.88,4.41,1.785,13.4375,5.1875,5,"A1",46.286478,0.112073768066778
"I",7.98,5.88,1.785,34.1875,14.375,6,"A1",83.756484,0.171628503412345
"I",4.935,3.675,1.365,7.6875,2.5625,6,"A1",24.755810625,0.103511051963381
"I",8.4,6.615,2.1,40.3125,17.875,6,"A1",116.6886,0.153185486842759
"I",4.83,3.57,1.05,7.125,3.25,5,"A1",18.105255,0.179505894835505
"I",7.56,5.88,1.68,25.943125,10.125,6,"A1",74.680704,0.135577190059697
"I",7.875,6.09,1.995,35.9375,15.375,6,"A1",95.67770625,0.160695742013569
"I",6.72,4.725,1.785,17.6875,8.4375,6,"A1",56.67732,0.148869071438099
"I",7.14,5.46,1.68,25,10,6,"A1",65.493792,0.152686227115999
"I",8.505,6.3,2.205,38,18.1875,6,"A1",118.1472075,0.153939313377339
"I",9.87,7.35,2.625,53.9375,23.75,6,"A1",190.4293125,0.124718194316854
"I",9.87,7.98,2.625,60.5625,26.375,6,"A1",206.751825,0.127568402358722
"I",6.195,4.83,1.68,20.3125,8.125,5,"A1",50.268708,0.1616313671718
"I",7.77,5.67,1.995,27.1875,12.125,6,"A1",87.8915205,0.137954149968312
"I",2.73,2.1,0.63,1.625,0.5625,3,"A1",3.61179,0.155739951658319
"I",8.925,6.93,2.415,40.8125,16.4375,6,"A1",149.36835375,0.110046737393328
"I",3.36,2.31,0.525,2.4375,0.9375,4,"A1",4.07484,0.230070383131608
"I",4.515,3.57,1.155,7.5625,2.5625,6,"A1",18.61692525,0.137643567108376
"I",9.03,7.14,2.205,55.0625,29.8125,6,"A1",142.165611,0.209702612258319
"I",8.715,6.615,2.1,45.5625,22.0625,8,"A2",121.0644225,0.182237684237911
"I",8.61,6.3,2.1,35.25,15.6875,7,"A2",113.9103,0.137718011452871
"I",7.56,5.67,1.995,25,9.125,8,"A2",85.516074,0.10670508564273
"I",8.295,6.72,2.1,38.4375,18.625,8,"A2",117.05904,0.159107745971605
"I",9.975,7.35,2.1,56.8125,27.0625,7,"A2",153.964125,0.175771466242542
"I",8.61,6.51,1.89,42.375,19.375,7,"A2",105.936579,0.182892445488541
"I",10.92,8.61,2.31,64.8125,27.0625,8,"A2",217.188972,0.124603472040008
"I",10.92,8.19,2.73,69.3125,29.4375,7,"A2",244.157004,0.120567911293669
"I",11.55,9.45,2.94,94.125,43.0625,8,"A2",320.89365,0.134195550457293
"I",11.445,9.135,2.835,96.4375,46.5,8,"A2",296.399462625,0.156882875522723
"I",7.665,5.67,1.785,25.625,9.75,7,"A2",77.57708175,0.125681448438862
"I",9.135,7.875,2.31,51.9375,21.25,8,"A2",166.17706875,0.127875645898947
"I",9.975,7.56,3.045,79.0625,35.3125,8,"A2",229.626495,0.153782341188459
"I",6.93,4.725,1.575,23.375,11.8125,7,"A2",51.57219375,0.229047848095467
"I",9.975,8.085,2.31,71.6875,38.875,7,"A2",186.29659125,0.208672631845592
"I",11.55,8.925,3.15,95.8125,42.375,8,"A2",324.7138125,0.130499530259434
"I",11.025,8.295,2.52,76,37.125,8,"A2",230.459985,0.161090872239708
"I",9.87,7.875,2.52,60.875,24.5,8,"A2",195.87015,0.125082867399652
"I",10.71,8.085,3.045,95.8125,49.8125,8,"A2",263.66761575,0.188921570281996
"I",7.455,5.46,1.89,24.0625,9.625,8,"A2",76.931127,0.12511190691383
"I",7.77,5.67,1.89,23.1875,8.75,7,"A2",83.265651,0.105085349059482
"I",12.075,9.03,2.73,92.8125,36.1875,8,"A2",297.6716925,0.121568496137737
"I",9.345,6.72,2.52,47.25,19,8,"A2",158.251968,0.120061698063685
"I",11.655,9.135,2.94,95.625,49.3125,8,"A2",313.0171695,0.157539281563275
"I",10.92,8.61,2.52,74.375,29.8125,8,"A2",236.933424,0.125826485333703
"I",8.925,6.3,1.995,43.9375,17.625,8,"A2",112.1738625,0.15712216381958
"I",8.505,6.3,1.785,37.9375,18.75,7,"A2",95.6429775,0.196041575556344
"I",9.135,6.825,2.52,49.9375,22.6875,8,"A2",157.112865,0.14440256054143
"I",8.61,6.615,1.995,35.0625,14.25,7,"A2",113.62552425,0.125411962620714
"I",8.19,5.88,1.89,26.875,10.5625,8,"A2",91.017108,0.116049611244515
"I",8.925,6.51,1.995,38.4375,17.375,7,"A2",115.91299125,0.149896916753065
"I",9.345,7.245,2.52,50.4375,21.125,7,"A2",170.615403,0.123816488010757
"I",7.875,6.09,2.94,37.5,17.5,8,"A2",140.998725,0.124114597490155
"I",8.61,6.825,2.205,45.125,20.0625,8,"A2",129.57296625,0.154835538466343
"I",9.66,7.14,1.89,48,22.4375,8,"A2",130.357836,0.17212237245178
"I",9.03,6.615,2.415,48,23.5625,8,"A2",144.25628175,0.163337774370439
"I",8.19,6.615,1.89,38.6875,18.375,7,"A2",102.3942465,0.179453442240038
"I",8.505,6.3,2.52,40.5,15.8125,7,"A2",135.02538,0.117107613398311
"I",12.285,9.45,3.15,111.4375,49.6875,8,"A2",365.6937375,0.135871891981743
"I",10.395,7.875,2.415,71.9375,38.75,8,"A2",197.693409375,0.196010580840841
"I",9.45,7.035,1.995,43.8125,20.1875,7,"A2",132.62909625,0.152210190454344
"I",10.185,7.77,2.94,63.3125,30.3125,8,"A2",232.664103,0.130284386844154
"I",9.45,6.93,2.205,46.4375,23.3125,7,"A2",144.4021425,0.161441510467894
"I",7.98,5.985,1.995,30.375,11.1875,7,"A2",95.2817985,0.117414870165365
"I",7.35,5.88,1.575,24.5,10.25,8,"A2",68.06835,0.150583935118157
"I",8.295,6.51,1.785,39.625,19.125,7,"A2",96.39080325,0.198411044987324
"I",8.085,5.88,1.995,32.125,14.875,7,"A2",94.841901,0.15683996043057
"I",6.93,5.355,1.68,25.625,11.1875,7,"A2",62.345052,0.179444873989358
"I",11.445,8.505,2.73,82.25,40.875,8,"A2",265.73744925,0.153817236205747
"I",5.565,4.095,1.155,10.5,4.5625,7,"A2",26.320919625,0.173341207868226
"I",7.875,6.405,2.415,33.9375,11.5,8,"A2",121.811090625,0.0944084807138225
"I",11.13,8.82,2.52,74.5625,31.9375,7,"A2",247.379832,0.129103087110189
"I",7.665,5.67,1.785,27.8125,11.6875,7,"A2",77.57708175,0.150656608064533
"I",6.72,5.04,1.575,21.6875,9.5,7,"A2",53.34336,0.178091518794467
"I",9.24,7.14,2.1,47.375,21.5625,7,"A2",138.54456,0.155635847412558
"I",6.09,4.305,1.47,12.1875,4.5,8,"A2",38.5396515,0.11676286175032
"I",9.45,7.035,2.205,45.25,19.6875,7,"A2",146.59005375,0.134303109224421
"I",9.45,7.035,2.415,49.1875,24.375,7,"A2",160.55101125,0.15182090607978
"I",10.605,8.505,2.73,75.1875,37.6875,8,"A2",246.23378325,0.153055764739382
"I",9.135,6.615,2.31,46.0625,20.1875,7,"A2",139.58873775,0.144621266195238
"I",8.82,6.3,2.205,39.5,15.6875,7,"A2",122.52303,0.128037153504937
"I",10.185,7.875,2.94,65.125,25,8,"A2",235.8082125,0.106018360153593
"I",8.295,6.825,2.205,38.25,13.875,8,"A2",124.832491875,0.111148946813412
"I",11.34,8.19,2.625,78.1875,31.5625,8,"A2",243.795825,0.129462840473171
"I",5.88,4.2,1.365,11.1875,4.5,7,"A2",33.71004,0.133491387135702
"I",7.56,5.565,1.89,25.6875,12,7,"A2",79.514946,0.150915024201865
"I",7.245,5.67,2.31,26.6875,10.25,7,"A2",94.8928365,0.108016583527883
"I",11.025,8.4,2.73,80.6875,40.625,8,"A2",252.8253,0.160684077107789
"I",8.925,6.615,1.995,45.9375,23.3125,7,"A2",117.782555625,0.197928291471473
"I",8.085,6.3,1.995,37.75,19,7,"A2",101.6163225,0.186977835179973
"I",6.825,4.2,1.68,12.4375,4.9375,8,"A2",48.1572,0.102528801508393
"I",10.185,7.56,2.52,64.4375,30.8125,8,"A2",194.036472,0.158797465664084
"I",9.555,7.35,2.835,67.0625,35.6875,7,"A2",199.09992375,0.179244167088738
"I",10.5,8.085,2.52,70,35.4375,8,"A2",213.9291,0.165650675854757
"I",8.925,6.51,1.995,43.8125,20.5625,8,"A2",115.91299125,0.177395991409203
"I",11.025,8.4,2.94,81.75,38.125,7,"A2",272.2734,0.140024695765359
"I",8.505,6.405,2.1,33.5,14.3125,7,"A2",114.3965025,0.125113090760795
"I",10.395,7.98,2.52,64,29.125,7,"A2",209.039292,0.139327873345457
"I",7.665,5.775,1.89,29.3125,13.5,7,"A2",83.66155875,0.161364433100525
"I",10.395,6.93,2.1,55,22.125,7,"A2",151.278435,0.146253496078275
"I",7.875,5.775,1.995,28.6875,11.875,7,"A2",90.728859375,0.130884484625981
"I",9.45,6.93,2.415,45.625,17.5,8,"A2",158.1547275,0.110651134345636
"I",9.45,7.56,2.73,59.75,23.875,7,"A2",195.03666,0.12241288381374
"I",8.295,6.195,1.995,34.0625,14.375,8,"A2",102.518112375,0.140219124864666
"I",12.915,9.975,2.73,105.3125,44.125,8,"A2",351.69805125,0.125462736694649
"I",10.5,8.4,2.52,77,32.625,8,"A2",222.264,0.146784904437966
"I",10.185,8.085,2.73,74.996875,31.3125,7,"A2",224.80382925,0.139288107789205
"I",8.19,6.3,2.1,33.3125,13.8125,7,"A2",108.3537,0.127476034505513
"I",8.925,6.72,2.1,38.1875,15.75,7,"A2",125.9496,0.125050020008003
"I",9.135,6.825,2.205,41.875,17,8,"A2",137.473756875,0.123659965264916
"I",7.35,5.46,1.995,26.375,10.75,7,"A2",80.061345,0.134272038522461
"I",8.925,7.14,2.1,43.9375,20.3125,7,"A2",133.82145,0.151788072838846
"I",10.5,7.77,2.415,71.8125,38.25,7,"A2",197.027775,0.194135065474906
"I",10.185,7.665,2.205,65.0625,24.375,8,"A2",172.139995125,0.141599864588703
"I",10.5,7.875,2.94,68.6875,31,7,"A2",243.10125,0.127518883592742
"I",7.56,5.46,1.89,22.3125,8.0625,7,"A2",78.014664,0.103345955575736
"I",9.975,7.455,2.1,62.9375,31.6875,8,"A2",156.1636125,0.202912186089445
"I",8.295,6.3,1.89,34.875,16.75,8,"A2",98.768565,0.169588370550893
"I",9.135,7.035,2.31,51.375,25.3125,7,"A2",148.45151475,0.170510217040409
"I",7.875,5.775,1.785,27.5,13.625,7,"A2",81.178453125,0.167840103814494
"I",9.765,7.455,2.52,72.5625,31.875,8,"A2",183.451149,0.173751977972076
"I",8.085,6.09,1.785,32.57375,14,8,"A2",87.88920525,0.15929146201945
"I",9.87,8.085,2.73,73.375,33,8,"A2",217.8511335,0.151479588239094
"I",9.975,7.56,2.625,61.3125,25.625,8,"A2",197.953875,0.129449347733153
"I",9.45,7.35,2.73,68.375,30.625,8,"A2",189.618975,0.161508098016035
"I",9.66,7.56,2.205,58.25,27.8125,7,"A2",161.030268,0.172715976601368
"I",11.34,8.82,2.94,92.5,44.9375,8,"A2",294.055272,0.152819909312831
"I",7.035,5.25,1.995,23.125,9.9375,8,"A2",73.68283125,0.134868596000103
"I",9.135,6.3,2.52,74.5625,32.375,8,"A2",145.02726,0.223233894096875
"I",11.445,9.03,2.94,96.5,36.125,8,"A2",303.844149,0.118893189547645
"I",8.61,6.405,1.89,44.1875,19.625,7,"A2",104.2279245,0.188289271748858
"I",7.56,5.985,2.205,30.1875,11.4375,7,"A2",99.768753,0.114640101796201
"I",8.19,6.3,1.995,40.8125,20.8125,7,"A2",102.936015,0.202188709170449
"I",8.19,6.09,1.89,34.3125,16.875,8,"A2",94.267719,0.179011438687723
"I",11.235,8.085,3.78,135.4375,61.9375,8,"A2",343.3562055,0.180388468324916
"I",12.6,10.08,3.57,114.6875,47.5,8,"A2",453.41856,0.104759716937922
"I",11.13,8.295,2.415,59.375,25.3125,8,"A2",222.96089025,0.11352887930981
"I",8.715,6.825,2.1,41.6875,18.0625,7,"A2",124.9077375,0.144606734230536
"I",9.45,7.455,2.31,57.3125,24.25,8,"A2",162.7389225,0.149011678506105
"I",9.555,7.035,2.205,50.6875,21.875,8,"A2",148.218832125,0.147585834312551
"I",7.455,5.46,1.89,24.8125,8.9375,7,"A2",76.931127,0.11617534213427
"I",10.185,7.665,2.94,65.984375,23.6875,8,"A2",229.5199935,0.103204516690612
"I",10.08,7.35,2.1,64.875,29.5625,7,"A2",155.5848,0.190008921179961
"I",9.345,7.35,2.73,52.4375,21.1875,7,"A2",187.5120975,0.112992709710369
"I",9.87,7.665,2.1,51.375,21.875,8,"A2",158.872455,0.137689066364588
"I",9.555,9.135,2.31,53.3125,24.375,8,"A2",201.62817675,0.12089084171119
"I",9.135,6.825,2.52,43.25,19.875,7,"A2",157.112865,0.126501416672658
"I",10.92,7.98,2.415,83.0625,41.0625,7,"A2",210.446964,0.195120419983821
"I",9.24,7.035,2.31,48.5625,21.875,7,"A2",150.157854,0.145680025501696
"I",9.975,7.56,2.31,61.5,26.375,8,"A2",174.19941,0.151406942193432
"I",6.825,5.04,1.47,19,7.0625,8,"A2",50.56506,0.13967154394754
"I",7.875,5.985,1.89,32.125,13.0625,7,"A2",89.07924375,0.146639098516146
"I",10.71,8.295,2.205,69.0625,29.25,8,"A2",195.89098725,0.14931774253948
"I",15.225,11.55,4.62,256.1875,94.75375,20,"A5",812.421225,0.116631307853878
"I",11.13,8.4,3.045,69.375,23.70375,9,"A3",284.68314,0.0832636242525637
"I",12.075,9.45,2.625,97.5,40.11875,9,"A3",299.53546875,0.133936559057332
"I",12.075,9.24,2.625,106.4375,55.79875,9,"A3",292.879125,0.190518016604973
"I",11.13,8.925,2.73,95.9375,51.3275,9,"A3",271.1852325,0.189270999481876
"I",6.195,4.725,1.68,15.5,5.94125,9,"A3",49.17591,0.120816269592164
"I",10.185,7.245,3.36,108.625,37.79125,9,"A3",247.935492,0.152423719956964
"I",11.655,9.45,3.675,92.25,37.24,9,"A3",404.76358125,0.0920043248085576
"I",10.185,7.77,2.415,57.125,23.09125,9,"A3",191.11694175,0.120822621943196
"I",11.55,8.925,3.15,79.875,32.9525,9,"A3",324.7138125,0.101481670109121
"I",12.285,9.66,2.94,95.4375,39.935,9,"A3",348.898914,0.114460086854842
"I",11.025,8.4,3.045,76.1875,30.38,9,"A3",281.99745,0.107731470621454
"I",9.87,7.875,2.205,55.125,20.4575,10,"A3",171.38638125,0.119364793461382
"I",10.815,8.295,2.625,72.5625,28.97125,9,"A3",235.489865625,0.123025464060243
"I",11.34,8.505,3.15,94.8125,37.6075,10,"A3",303.807105,0.123787427552098
"I",11.34,8.82,2.94,90.8125,39.26125,9,"A3",294.055272,0.133516565552343
"I",10.815,7.35,2.205,59.3125,26.0925,10,"A3",175.27600125,0.148865217222657
"I",11.34,8.715,3.255,87.75,39.445,10,"A3",321.6854655,0.122619776863994
"I",8.505,6.615,2.205,43.375,19.66125,9,"A3",124.054567875,0.158488722638662
"I",12.075,9.345,3.36,114.6875,55.125,9,"A3",379.14534,0.145392793170028
"I",11.865,8.82,3.255,92.875,37.975,9,"A3",340.6334715,0.111483465887174
"I",6.72,5.25,1.68,19.5625,6.9825,9,"A3",59.2704,0.11780753968254
"I",12.705,10.29,3.465,133.875,59.045,10,"A3",452.99486925,0.130343639648188
"I",12.495,9.87,2.835,117.0625,53.165,10,"A3",349.62821775,0.152061525074087
"I",10.815,8.4,2.835,87.0625,39.2,9,"A3",257.54841,0.152204395282425
"I",13.23,9.975,3.045,132.5625,63.27125,10,"A3",401.84636625,0.157451342886194
"I",10.185,7.77,2.73,57.25,22.1725,10,"A3",216.0452385,0.10262896860835
"I",9.765,7.56,2.205,62.121875,26.95,9,"A3",162.780597,0.165560272518229
"I",12.39,9.45,2.625,107.5,53.5325,9,"A3",307.3494375,0.174174712781116
"I",9.87,7.245,2.94,57.6875,28.0525,9,"A3",210.233961,0.133434673763294
"I",11.34,8.715,2.31,77.375,33.74875,10,"A3",228.292911,0.147830915345418
"I",11.235,8.82,3.045,86.0625,33.4425,9,"A3",301.7372715,0.110833175609199
"I",9.87,7.56,2.73,65.3125,24.255,9,"A3",203.704956,0.119069268005438
"I",11.55,8.925,2.835,91.3125,40.73125,9,"A3",292.24243125,0.139374867043712
"I",11.97,9.45,3.045,93.875,34.60625,10,"A3",344.4397425,0.10047112957646
"I",9.975,7.665,2.415,61.25,27.3175,9,"A3",184.646975625,0.147944475708496
"I",10.185,7.455,2.205,62.25,26.64375,9,"A3",167.423830875,0.159139531455904
"I",10.92,8.61,2.94,87.375,41.58875,10,"A3",276.422328,0.150453656551218
"I",10.71,7.875,3.15,105.1875,47.10125,10,"A3",265.6749375,0.177289022604927
"I",11.235,8.19,2.625,74.875,31.78875,9,"A3",241.53845625,0.13160947740387
"I",11.55,8.925,3.255,109.0625,50.47,10,"A3",335.53760625,0.150415330680985
"I",12.075,9.45,2.835,108.9375,55.125,10,"A3",323.49830625,0.17040274689228
"I",12.705,9.87,3.045,106.283125,46.4275,9,"A3",381.83797575,0.121589529980112
"I",12.81,9.765,2.625,115.3125,53.41,9,"A3",328.36033125,0.162656675965331
"I",10.605,8.085,2.625,74.5,30.0125,9,"A3",225.071240625,0.133346668000133
"I",10.5,8.085,3.15,78.3125,31.91125,10,"A3",267.411375,0.119333928857738
"I",10.08,7.77,2.625,59.25,21.9275,9,"A3",205.5942,0.10665427332094
"I",8.82,6.405,2.31,35,11.515,9,"A3",130.496751,0.0882397447580898
"I",9.24,7.665,2.31,55.8125,26.0925,9,"A3",163.604826,0.159484904192252
"I",14.07,10.185,3.675,157.0625,65.59875,9,"A3",526.63834125,0.124561287817173
"I",10.92,8.295,2.625,82.875,36.81125,9,"A3",237.776175,0.154814711776737
"I",9.975,7.14,2.205,56.6875,24.8675,9,"A3",157.0434075,0.15834793956569
"I",11.76,8.925,2.835,102.5625,45.50875,9,"A3",297.55593,0.152941835170282
"I",10.5,7.98,2.835,74.25,36.07625,9,"A3",237.54465,0.151871448167744
"I",10.815,8.4,2.835,79.5,37.42375,9,"A3",257.54841,0.14530763362119
"I",12.81,9.765,3.15,120.0625,55.06375,9,"A3",394.0323975,0.139744219889939
"I",12.075,9.45,3.15,107.25,55.0025,10,"A3",359.4425625,0.153021666709267
"I",7.35,5.46,1.785,21.75,8.63625,10,"A3",71.633835,0.120561044930793
"I",10.92,8.295,2.625,72.5625,29.95125,9,"A3",237.776175,0.125964050014683
"I",13.65,10.92,3.15,154.75,67.31375,10,"A3",469.5327,0.143363284388925
"I",11.445,8.925,2.94,101.8125,37.3625,10,"A3",300.3110775,0.124412660069124
"I",12.39,9.345,2.835,96.4375,40.18,9,"A3",328.24919925,0.122407000814641
"I",9.24,6.72,2.205,48.4375,21.49875,9,"A3",136.914624,0.157023036487322
"I",11.865,9.135,3.045,105.5625,48.69375,9,"A3",330.037729875,0.147539949503478
"I",11.76,9.555,3.045,121.75,67.0075,9,"A3",342.156906,0.195838513924369
"I",10.92,8.61,3.045,80.75,36.32125,9,"A3",286.294554,0.126866716437785
"I",11.55,9.345,3.045,97.875,35.79778125,11,"A4",328.66131375,0.108919972483375
"I",11.34,8.925,2.73,101.9375,43.20421875,11,"A4",276.301935,0.156365965189495
"I",13.02,10.185,3.78,144.25,58.01709375,12,"A4",501.260886,0.115742311778941
"I",8.715,6.825,2.415,41.0625,16.51753125,12,"A4",143.643898125,0.11498943892226
"I",11.13,8.295,2.625,77.9375,34.97484375,11,"A4",242.34879375,0.144316145373841
"I",13.125,9.03,3.675,176.375,67.24575,12,"A4",435.55640625,0.154390451007171
"I",9.345,7.245,2.73,50.9375,16.04728125,11,"A4",184.83335325,0.0868202679215311
"I",13.23,10.605,3.78,159,70.83140625,11,"A4",530.349687,0.133556044221819
"I",12.81,10.29,3.36,144.3125,68.95040625,11,"A4",442.898064,0.155680080484615
"I",9.765,7.14,2.31,43.25,16.75265625,11,"A4",161.058051,0.104016260882233
"I",11.025,9.03,3.15,92.0625,37.91390625,11,"A4",313.6006125,0.120898699615901
"I",12.075,9.45,2.835,103.0625,39.67734375,11,"A4",323.49830625,0.122650854682798
"I",13.02,10.08,3.78,141.3125,62.13178125,12,"A4",496.093248,0.125242142481246
"I",9.135,7.035,2.31,47.875,18.28096875,12,"A4",148.45151475,0.123144373304551
"I",11.55,8.715,2.835,101.1875,35.09240625,12,"A4",285.36613875,0.122973266568054
"I",7.875,5.88,2.1,32.0625,13.69603125,12,"A4",97.2405,0.140846985052524
"I",11.235,9.45,3.57,97.625,35.91534375,11,"A4",379.0295775,0.0947560451268477
"I",11.865,9.24,3.675,109.1875,48.670875,11,"A4",402.899805,0.120801435979846
"I",11.865,9.03,2.835,106.8125,37.7375625,11,"A4",303.74459325,0.124241100380476
"I",13.02,9.87,3.255,120.75,52.5504375,11,"A4",418.291587,0.125631112681212
"I",10.71,8.505,2.52,76.25,26.9218125,11,"A4",229.543146,0.117284323096277
"I",10.605,8.16585,3.28755,95.25,44.1643125,14,"A5",284.698013976338,0.155126872446924
"I",12.19575,9.65055,3.8178,106.5625,35.0870625,13,"A5",449.338624991393,0.0780860147526203
"I",13.25625,9.86265,3.28755,121.5,47.0155,14,"A5",429.820053568172,0.109384147179031
"I",10.8171,8.484,3.1815,93.125,33.3414375,13,"A5",291.9734973666,0.114193369606203
"I",11.0292,8.484,3.07545,82.5,31.072125,13,"A5",287.77518563976,0.107973607699784
"I",9.43845,6.9993,2.121,54.625,18.969125,13,"A5",140.118653883285,0.13537901253177
"I",8.16585,6.46905,2.01495,31.5,10.6483125,14,"A5",106.44032199954,0.10004021314447
"I",9.01425,7.31745,2.65125,53.125,18.62,13,"A5",174.879959360203,0.106473034806968
"I",9.3324,7.31745,2.5452,60.875,22.8676875,14,"A5",173.810105491176,0.131567076812809
"I",10.92315,8.9082,2.86335,88.875,39.218375,13,"A5",278.620003589981,0.140759365783779
"I",11.4534,8.484,3.07545,94.625,37.429875,15,"A5",298.84346201052,0.12524910114541
"I",13.9986,11.13525,4.56015,223.25,79.9098125,17,"A5",710.826654250597,0.112418143048176
"I",12.3018,8.9082,3.3936,91,32.3798125,19,"A5",371.894086057536,0.0870672960768473
"I",7.52955,5.9388,2.121,28.4375,11.1101375,16,"A5",94.84367855634,0.117141570941918
"I",11.0292,8.59005,2.9694,72.1875,23.765,15,"A5",281.325052168524,0.0844752353791937
"I",10.92315,8.9082,2.86335,88.875,40.044025,20,"A5",278.620003589981,0.143722720852912
"I",11.98365,9.3324,3.71175,109.1875,49.19355,17,"A5",415.108071991305,0.118507813553263
"I",9.3324,7.31745,2.5452,60.875,23.3491125,20,"A5",173.810105491176,0.134336910008868
"F",9.765,7.35,2.625,60.25,28.75,6,"A1",188.40346875,0.152598039679139
"F",10.71,8.4,2.625,68.125,32.625,6,"A1",236.1555,0.138150498294556
"F",11.13,8.82,3.57,103.5,51.25,6,"A1",350.454762,0.146238560741828
"F",10.815,7.875,2.31,75.8125,37.5625,6,"A1",196.73836875,0.19092615354421
"F",12.285,9.45,2.625,109.25,44.3125,6,"A1",304.74478125,0.1454085606265
"F",8.4,6.825,2.52,39.8125,16.75,8,"A2",144.4716,0.115939741790082
"F",10.5,7.98,2.94,79.4375,34.625,8,"A2",246.3426,0.140556282185866
"F",11.13,8.295,3.045,96.875,38.5,7,"A2",281.12460075,0.13694994994137
"F",11.76,9.03,3.15,109.3125,56.625,8,"A2",334.50732,0.169278806813555
"F",13.335,10.5,3.99,161.25,74.125,8,"A2",558.669825,0.132681230814641
"F",9.45,7.455,2.205,65.3125,29.625,8,"A2",155.34169875,0.190708613581451
"F",9.87,7.56,2.1,58.8125,20.4375,8,"A2",156.69612,0.130427607269408
"F",9.66,7.56,2.415,61.220625,26.3125,8,"A2",176.366484,0.149192178713502
"F",12.18,9.345,2.835,118.75,60.5,8,"A2",322.6856535,0.187488967494491
"F",11.55,9.24,2.835,105.4375,54.25,8,"A2",302.55687,0.179305133610088
"F",7.77,5.775,1.68,28.375,11.625,8,"A2",75.38454,0.154209337882807
"F",12.495,9.765,3.15,137.5625,67.6875,8,"A2",384.34307625,0.176112187737114
"F",12.6,9.66,3.045,116.5625,49.8125,8,"A2",370.62522,0.134401269293007
"F",11.55,9.03,3.15,105,49.375,8,"A2",328.533975,0.150288870428089
"F",12.81,10.395,3.885,144.125,67,8,"A2",517.32640575,0.129512043567283
"F",7.98,6.72,2.415,80.9375,40.375,7,"A2",129.505824,0.311762040910222
"F",11.445,9.24,3.15,118.4375,45.75,8,"A2",333.11817,0.137338650725657
"F",9.765,7.35,2.835,78.3125,32.375,8,"A2",203.47574625,0.159109872290246
"F",7.98,6.405,1.995,35.1875,15.6875,8,"A2",101.9682405,0.153846922562129
"F",8.4,6.3,2.415,37.8125,16.6875,8,"A2",127.8018,0.130573278310634
"F",12.915,10.08,3.36,156.5625,73.125,8,"A2",437.415552,0.167175125954369
"F",12.18,10.08,3.78,156.1875,61.8125,8,"A2",464.087232,0.133191554815281
"F",9.66,7.875,2.52,57.5625,22.1875,7,"A2",191.7027,0.115739110612422
"F",11.97,9.555,3.15,138.375,67.5,8,"A2",360.2760525,0.187356332822038
"F",7.77,5.775,2.1,27.8125,11.625,8,"A2",94.230675,0.123367470306246
"F",12.075,9.66,3.045,124.3125,58.25,7,"A2",355.1825025,0.164000195927444
"F",9.66,7.875,2.52,61.4375,27.5625,7,"A2",191.7027,0.143777317690361
"F",12.81,9.87,3.36,134.3125,61.5625,8,"A2",424.820592,0.144914114709392
"F",11.97,9.135,2.94,107.3125,48.8125,8,"A2",321.477093,0.151838190225267
"F",11.235,8.925,2.835,96.375,47.0625,8,"A2",284.272183125,0.165554362310947
"F",11.97,9.45,2.835,97.5625,41.8125,8,"A2",320.6852775,0.130384844374404
"F",9.66,7.35,2.415,55,23.75,8,"A2",171.467415,0.138510281968151
"F",9.135,6.825,2.31,54.1875,22.25,7,"A2",144.02012625,0.154492296176556
"F",10.92,8.505,2.415,97,40,8,"A2",224.292159,0.178338824586374
"F",11.235,9.345,2.625,109.0625,52.125,8,"A2",275.601571875,0.189131722454912
"F",12.075,9.135,3.15,133.706875,57.5625,8,"A2",347.46114375,0.165666006215119
"F",6.825,5.46,1.89,23.9375,10.625,7,"A2",70.429905,0.15085921243256
"F",11.235,9.66,3.045,98.4375,42.4375,8,"A2",330.4741545,0.128413975562497
"F",12.18,9.135,3.15,104.25,53.5,8,"A2",350.482545,0.152646688867202
"F",10.605,8.19,2.415,82.5,38.0625,8,"A2",209.75470425,0.181461961180306
"F",13.755,11.13,3.465,160.4375,72.875,8,"A2",530.46776475,0.137378752947118
"F",11.55,9.45,3.15,109.375,45.7025,10,"A3",343.814625,0.132927736858198
"F",11.655,9.24,2.94,105.75,43.6825,10,"A3",316.615068,0.137967217656236
"F",13.44,10.605,3.675,164.8125,78.085625,9,"A3",523.80216,0.149074652536752
"F",15.33,11.97,3.465,252.0625,134.898125,10,"A3",635.8278465,0.21216139831334
"F",13.23,10.29,4.725,167,85.913125,10,"A3",643.2459075,0.133561868017015
"F",11.55,9.24,2.625,101.390625,41.6625,9,"A3",280.14525,0.148717495656271
"F",12.915,9.765,3.15,115.375,58.264375,9,"A3",397.26217125,0.146664795232501
"F",13.125,10.29,3.255,139.375,61.105,9,"A3",439.60809375,0.138998805683386
"F",10.815,8.505,2.52,80.75,36.549375,10,"A3",231.793569,0.157680712013197
"F",10.92,8.61,2.625,87.3125,37.180625,10,"A3",246.80565,0.150647381856939
"F",10.815,8.715,2.94,86.6875,39.326875,10,"A3",277.1030115,0.141921499831841
"F",11.445,9.24,2.835,114.8125,54.16125,10,"A3",299.806353,0.180654110421736
"F",12.495,9.765,3.15,122.5,51.951875,10,"A3",384.34307625,0.13517057600436
"F",12.915,10.185,3.36,144.6875,63.188125,10,"A3",441.971964,0.142968627304152
"F",11.025,8.4,2.73,87.4375,39.326875,9,"A3",252.8253,0.155549602828514
"F",11.13,8.61,3.045,106.5728125,47.34375,9,"A3",291.8002185,0.162247136905417
"F",13.23,10.605,4.095,163.25,65.145,9,"A3",574.54549425,0.113385276974522
"F",13.02,10.5,3.57,143.5,69.121875,10,"A3",488.0547,0.141627311446852
"F",10.29,7.98,3.255,72.25,30.236875,9,"A3",267.281721,0.113127358230382
"F",9.345,6.93,2.205,56.5625,22.725,9,"A3",142.79767425,0.159141247358236
"F",12.075,9.87,3.255,139.5,64.26125,10,"A3",387.93171375,0.16565093216744
"F",13.02,10.08,3.57,138.0625,67.54375,10,"A3",468.532512,0.144160219984905
"F",10.605,8.4,3.465,91.125,33.771875,9,"A3",308.66913,0.109411248867031
"F",13.545,10.815,3.675,193.25,88.816875,10,"A3",538.347718125,0.164980498680924
"F",12.705,9.87,3.465,147.1875,77.13875,9,"A3",434.50528275,0.177532363960654
"F",12.705,10.185,3.36,132.0625,46.7125,10,"A3",434.785428,0.107438053328687
"F",12.18,9.45,3.255,116.25,48.60625,9,"A3",374.653755,0.129736454930233
"F",13.65,10.92,4.095,160.125,75.560625,10,"A3",610.39251,0.123790223113976
"F",13.125,9.87,3.57,156.875,66.28125,10,"A3",462.4711875,0.143319739243215
"F",13.755,10.29,3.36,150.5,68.869375,9,"A3",475.570872,0.144814115108379
"F",10.815,8.19,2.73,71.9375,24.934375,9,"A3",241.8093405,0.103115847172992
"F",9.135,7.035,2.31,47.5,21.399375,9,"A3",148.45151475,0.144150600524607
"F",15.12,12.075,4.095,268.8125,135.655625,10,"A3",747.64053,0.181444985332724
"F",10.71,8.4,2.52,87.5625,43.80875,10,"A3",226.70928,0.193237568395965
"F",13.755,11.025,3.675,168.5,73.919375,10,"A3",557.309615625,0.132636101957621
"F",9.24,7.14,2.73,52.4375,19.31625,10,"A3",180.107928,0.107248193982888
"F",8.82,6.93,2.625,57.875,23.4825,10,"A3",160.446825,0.146356900487124
"F",14.7,11.025,3.99,205.8125,107.880625,9,"A3",646.649325,0.166830182649615
"F",13.755,9.66,3.36,186.75,87.049375,9,"A3",446.454288,0.194979368190098
"F",11.025,9.03,2.835,105.4375,54.603125,9,"A3",282.24055125,0.193463075232
"F",11.235,8.61,2.73,89.3125,42.29375,9,"A3",264.0820455,0.160153826133553
"F",9.135,7.35,2.625,57.375,24.87125,9,"A3",176.24840625,0.141114751214949
"F",9.87,7.56,2.73,59,22.9775,10,"A3",203.704956,0.112797942922901
"F",9.555,7.56,2.31,54.8125,26.0075,10,"A3",166.864698,0.155859809244973
"F",11.55,7.98,3.465,150.625,68.55375,10,"A3",319.365585,0.2146560344002
"F",13.125,10.29,2.31,142,66.470625,9,"A3",311.9799375,0.213060575409597
"F",12.915,9.975,3.57,131.875,68.55375,9,"A3",459.91283625,0.149058135795835
"F",14.385,11.235,3.675,198.0625,90.584375,9,"A3",593.936870625,0.152515156879683
"F",12.495,9.765,3.15,134.5625,61.98875,9,"A3",384.34307625,0.161284940019783
"F",11.13,8.82,2.835,84.625,32.383125,9,"A3",278.302311,0.116359526026358
"F",13.125,10.08,3.57,169.0625,78.716875,10,"A3",472.311,0.166663226137016
"F",13.86,10.605,3.99,175.5625,78.969375,9,"A3",586.471347,0.134651718969657
"F",12.705,10.29,3.15,141.8125,66.470625,9,"A3",411.8135175,0.161409526825452
"F",13.125,10.08,4.2,165.4375,76.696875,9,"A3",555.66,0.138028425655977
"F",12.075,10.08,3.465,134.75,64.51375,9,"A3",421.74594,0.152968277536946
"F",13.65,10.29,3.255,140.25,68.80625,9,"A3",457.1924175,0.150497355962821
"F",12.285,9.765,3.045,123.1875,54.603125,10,"A3",365.287411125,0.149479898121414
"F",11.76,9.555,3.99,89.25,35.72875,9,"A3",448.343532,0.079690566384707
"F",9.555,7.35,2.94,64.8125,27.90125,10,"A3",206.473995,0.135132029580771
"F",11.97,9.03,3.36,101.375,48.921875,9,"A3",363.179376,0.134704441476875
"F",13.755,10.71,3.15,130.375,60.536875,9,"A3",464.0455575,0.130454594428479
"F",9.03,7.35,1.89,49.625,19.884375,9,"A3",125.440245,0.158516710486336
"F",14.07,11.34,4.2,182.5,81.241875,9,"A3",670.12596,0.12123373790802
"F",13.23,10.5,3.885,172.875,68.175,10,"A3",539.684775,0.126323741484091
"F",14.175,11.13,3.675,180.8125,85.534375,10,"A3",579.79648125,0.147524825979616
"F",13.65,11.235,3.675,161.1875,76.949375,10,"A3",563.58973125,0.136534380832901
"F",10.5,7.77,2.835,56.25,21.651875,9,"A3",231.293475,0.0936121306491677
"F",13.335,10.605,3.57,157.9375,64.64,9,"A3",504.86109975,0.128035216086185
"F",14.595,11.235,3.675,229.8125,101.441875,10,"A3",602.607481875,0.16833822687426
"F",8.505,6.825,2.31,44.4375,19.06375,9,"A3",134.08770375,0.142173737537809
"F",14.805,11.76,4.305,297.625,125.176875,10,"A3",749.529774,0.167007208175295
"F",13.23,10.185,3.885,145.875,69.185,10,"A3",523.49423175,0.132160004454529
"F",13.86,10.395,4.41,193.5,91.405,10,"A3",635.369427,0.143861187075972
"F",10.605,7.98,2.835,85.6875,45.57625,9,"A3",239.9200965,0.189964286714098
"F",13.755,10.71,3.675,176.875,74.298125,10,"A3",541.38648375,0.137236756420962
"F",9.24,7.14,2.94,60.25,23.4825,9,"A3",193.962384,0.121067289005893
"F",15.645,11.97,4.515,281.25,146.008125,9,"A3",845.52698475,0.172682986626584
"F",11.97,9.765,3.36,111.6875,39.705625,10,"A3",392.740488,0.101098883902186
"F",12.6,9.45,2.94,104.625,46.7125,10,"A3",350.0658,0.133439199144847
"F",12.705,9.555,3.045,107.75,42.1675,9,"A3",369.651657375,0.11407361270728
"F",12.075,9.975,3.36,111.875,45.513125,9,"A3",404.7057,0.112459807212995
"F",12.915,9.975,3.255,139.375,61.105,10,"A3",419.332291875,0.145719757776763
"F",11.445,8.085,3.15,139.8125,68.490625,9,"A3",291.47839875,0.234976675094006
"F",10.29,7.665,3.045,79.3125,25.186875,10,"A3",240.16782825,0.104871977164993
"F",10.5,8.295,2.94,94.309375,39.958125,10,"A3",256.06665,0.156045799013655
"F",15.225,12.18,3.885,206.193125,101.568125,9,"A3",720.4363425,0.140981401143016
"F",13.545,10.92,3.78,160.625,72.909375,9,"A3",559.105092,0.1304037041394
"F",11.76,9.24,2.835,100.3125,44.1875,9,"A3",308.057904,0.143438942569706
"F",13.545,10.71,3.99,170.375,72.34125,10,"A3",578.8171305,0.124981183500062
"F",11.865,9.555,2.73,132.25,55.42375,10,"A3",309.50030475,0.179074944836545
"F",12.705,10.5,3.885,139.8125,59.21125,9,"A3",518.2687125,0.114248166196218
"F",12.915,10.395,3.465,149.75,68.364375,10,"A3",465.181187625,0.146962897078957
"F",14.07,10.605,4.305,170.5625,76.696875,9,"A3",642.35916675,0.119398739786101
"F",13.335,10.5,3.465,182.4375,89.00625,9,"A3",485.1606375,0.183457278106161
"F",14.805,11.55,3.57,152.375,80.736875,9,"A3",610.4619675,0.132255372649403
"F",9.975,7.875,2.625,72.3125,35.034375,10,"A3",206.201953125,0.169903216090112
"F",12.075,9.03,3.255,99.4375,43.998125,9,"A3",354.91624875,0.123967626601936
"F",10.815,8.295,3.465,94.5625,24.050625,10,"A3",310.846622625,0.0773713569634445
"F",14.385,11.13,3.57,188.8125,93.235625,10,"A3",571.5750285,0.163120535977019
"F",9.975,8.19,2.52,66.3125,26.954375,10,"A3",205.87203,0.13092781472063
"F",13.86,10.5,3.675,165.9375,70.195,9,"A3",534.82275,0.131249091404582
"F",13.65,10.5,3.99,183,80.989375,9,"A3",571.86675,0.141622808110456
"F",11.655,9.03,2.94,94.3125,44.503125,9,"A3",309.419271,0.143827903337023
"F",13.125,10.185,3.465,153.1875,64.071875,10,"A3",463.194703125,0.138326009705489
"F",12.705,9.555,3.045,122.1875,59.085,9,"A3",369.651657375,0.159839672895231
"F",11.34,8.715,3.15,101.4375,48.921875,9,"A3",311.308515,0.157149170815325
"F",13.02,10.08,3.465,130.375,61.041875,10,"A3",454.752144,0.134231087869264
"F",13.02,9.975,3.36,165.5625,86.670625,9,"A3",436.37832,0.198613498947427
"F",12.075,8.82,2.835,107.125,58.20125,10,"A3",301.9317525,0.192762932411357
"F",12.39,9.555,3.15,122,58.70625,10,"A3",372.9173175,0.157424306260596
"F",12.075,9.765,3.675,137.375,59.779375,9,"A3",433.327978125,0.137954108706906
"F",12.075,9.66,3.465,119.6875,60.789375,10,"A3",404.1731925,0.150404272544622
"F",11.025,8.715,3.15,88.1875,41.53625,10,"A3",302.66105625,0.137236850074596
"F",9.345,6.825,2.625,56.875,22.535625,9,"A3",167.421515625,0.134604115342478
"F",14.49,12.18,4.095,207.25,89.385,10,"A3",722.719179,0.12367874355248
"F",15.015,12.285,4.83,259.0625,109.269375,10,"A3",890.93829825,0.122645277697265
"F",13.02,10.71,3.675,158.8125,68.364375,9,"A3",512.457435,0.133404982210864
"F",11.445,8.61,2.415,84.5625,36.6125,9,"A3",237.97760175,0.153848512342191
"F",13.65,10.605,3.675,150.9375,64.450625,10,"A3",531.98656875,0.121150850013824
"F",13.335,10.395,3.675,154.4375,65.713125,10,"A3",509.418669375,0.128996302943947
"F",11.55,9.135,2.94,96.240625,43.80875,9,"A3",310.197195,0.141228710981735
"F",13.755,10.815,3.78,180.03,79.760625,11,"A4",562.3140285,0.141843562417899
"F",14.91,11.97,4.095,252.51375,127.784375,12,"A4",730.8457065,0.174844531292324
"F",13.65,11.865,4.2,212.22375,96.94875,12,"A4",680.22045,0.142525485671594
"F",13.86,10.5,3.465,151.78875,59.031875,12,"A4",504.26145,0.117066008119399
"F",10.92,8.505,2.94,88.16625,35.535,11,"A4",273.051324,0.130140368775505
"F",13.125,10.29,4.2,176.26875,75.898125,11,"A4",567.23625,0.133803375577636
"F",14.28,11.55,3.675,187.8075,91.79875,11,"A4",606.13245,0.151449984240243
"F",12.495,9.765,3.15,130.75125,53.045,11,"A4",384.34307625,0.138014714659505
"F",13.44,10.71,4.2,177.28875,78.5375,12,"A4",604.55808,0.129908941089663
"F",14.07,11.34,4.095,206.4225,95.275,11,"A4",653.372811,0.145820270442812
"F",12.495,9.45,3.465,137.8275,63.0875,12,"A4",409.13940375,0.154195610155772
"F",13.755,11.34,4.515,198.32625,89.48125,11,"A4",704.2573755,0.127057597283197
"F",13.86,11.13,3.885,171.615,70.2975,11,"A4",599.307093,0.117297960963729
"F",12.81,9.975,2.94,144.4575,67.915625,11,"A4",375.672465,0.180784143974992
"F",13.335,10.185,3.255,136.8075,60.12625,11,"A4",442.084253625,0.136006314423047
"F",13.335,10.605,3.255,164.41125,76.4775,11,"A4",460.314532125,0.166141832731086
"F",14.28,11.76,4.095,226.63125,110.85375,11,"A4",687.684816,0.161198484277716
"F",11.55,9.03,3.255,100.0875,37.20875,11,"A4",339.4851075,0.109603482385453
"F",12.81,9.87,4.095,162.37125,60.38375,12,"A4",517.7500965,0.116627211483291
"F",14.28,10.815,3.675,206.35875,65.984375,12,"A4",567.560385,0.116259655789754
"F",13.755,10.5,4.305,194.82,80.018125,11,"A4",621.7603875,0.128696080690731
"F",14.91,11.55,3.57,205.785,95.66125,11,"A4",614.791485,0.155599503789484
"F",13.755,10.605,4.095,183.66375,88.58,11,"A4",597.344918625,0.148289534635865
"F",12.39,9.975,3.255,123.86625,47.76625,11,"A4",402.28626375,0.118736964953107
"F",12.285,8.82,3.255,131.835,56.26375,11,"A4",352.6912935,0.159526903660297
"F",13.86,10.605,3.885,194.82,88.8375,11,"A4",571.0378905,0.155571988265462
"F",14.175,11.34,4.41,203.1075,88.3225,11,"A4",708.883245,0.12459386030488
"F",14.28,10.605,3.57,171.29625,84.58875,12,"A4",540.638658,0.156460787160359
"F",15.12,11.865,3.78,219.1725,108.986875,11,"A4",678.127464,0.160717388375823
"F",13.545,10.71,4.2,199.85625,79.95375,12,"A4",609.28119,0.13122635543697
"F",14.7,11.55,3.57,214.71,97.013125,11,"A4",606.13245,0.160052683204801
"F",12.6,9.765,3.36,144.4575,59.9975,11,"A4",413.41104,0.145127957879403
"F",14.91,11.865,4.095,231.6675,101.06875,11,"A4",724.43477925,0.139513939549721
"F",11.76,9.66,3.78,123.675,44.0325,12,"A4",429.414048,0.102540893119547
"F",13.755,11.34,3.675,198.70875,93.794375,11,"A4",573.2327475,0.163623546297833
"F",9.45,7.245,2.415,63.24,24.526875,12,"A4",165.34357875,0.148338841976347
"F",14.28,11.55,3.99,230.3925,105.896875,11,"A4",658.08666,0.160916306979996
"F",15.225,11.97,4.305,206.48625,95.79,11,"A4",784.55719125,0.122094349613165
"F",13.23,10.08,3.15,134.19375,50.47,12,"A4",420.07896,0.120144079579706
"F",13.02,10.605,3.36,174.99375,80.919375,11,"A4",463.939056,0.174418113658446
"F",13.545,10.605,3.465,168.045,70.8125,11,"A4",497.728972125,0.142271203739002
"F",9.24,7.245,3.57,52.08375,19.3125,12,"A4",238.989366,0.080809034825424
"F",10.605,8.505,3.78,77.265,30.77125,11,"A4",340.9390845,0.0902543926435633
"F",13.44,10.92,3.675,159.12,54.654375,12,"A4",539.36064,0.1013317823859
"F",13.44,10.185,3.045,144.52125,71.134375,11,"A4",416.819088,0.170660070634769
"F",14.07,11.13,4.305,178.69125,82.78625,12,"A4",674.1591255,0.122799272261724
"F",12.39,9.555,3.465,148.0275,48.925,12,"A4",410.20904925,0.119268456143158
"F",9.24,7.455,2.415,52.9125,20.406875,11,"A4",166.355343,0.122670391175834
"F",13.23,10.605,3.465,135.7875,59.160625,12,"A4",486.15387975,0.121691150609397
"F",14.175,11.865,4.095,234.28125,98.429375,12,"A4",688.723205625,0.142915723176015
"F",13.44,10.395,3.57,156.37875,63.0875,11,"A4",498.760416,0.126488586455907
"F",15.33,12.18,3.99,221.53125,87.356875,11,"A4",745.010406,0.117255912530167
"F",12.915,10.29,3.99,144.64875,60.448125,11,"A4",530.2524465,0.113998766811913
"F",13.965,10.92,3.465,215.28375,93.923125,11,"A4",528.404877,0.177748406739251
"F",12.18,9.765,3.045,125.77875,60.5125,11,"A4",362.1652965,0.167085307689054
"F",8.925,7.245,2.31,46.72875,16.09375,11,"A4",149.36835375,0.107745379767232
"F",11.025,8.505,3.36,83.895,34.183125,12,"A4",315.05922,0.108497459620448
"F",15.12,12.075,4.515,267.75,110.274375,12,"A4",824.32161,0.133775911807043
"F",11.34,8.82,2.94,102.6375,47.50875,11,"A4",294.055272,0.161564013720523
"F",12.81,9.87,3.465,150.25875,72.8725,11,"A4",438.0962355,0.16633902347239
"F",12.915,9.975,3.675,152.235,71.97125,11,"A4",473.439684375,0.152017780459218
"F",12.915,11.025,3.255,132.40875,54.97625,11,"A4",463.472533125,0.118618140387562
"F",14.7,11.445,2.73,198.39,86.584375,12,"A4",459.299295,0.188514060314419
"F",14.805,11.76,3.57,185.83125,78.15125,11,"A4",621.561276,0.125733782038249
"F",13.755,9.555,3.57,164.41125,75.57625,11,"A4",469.20161925,0.161074145738895
"F",13.44,10.605,3.99,162.75375,62.250625,12,"A4",568.699488,0.10946136986851
"F",14.28,11.76,4.095,212.16,74.675,11,"A4",687.684816,0.108588990570355
"F",11.445,9.24,3.675,98.74875,38.431875,11,"A4",388.637865,0.0988886530652385
"F",13.755,10.5,2.94,149.23875,69.589375,12,"A4",424.61685,0.163887455243474
"F",10.08,7.98,3.045,79.188975,29.87,12,"A4",244.934928,0.121950757468122
"F",13.335,10.185,3.465,161.86125,72.550625,11,"A4",470.605818375,0.154164317922199
"F",11.025,8.4,2.415,80.26125,32.895625,11,"A4",223.65315,0.147083217920248
"F",15.015,11.025,3.885,198.9,85.683125,11,"A4",643.124356875,0.133229482111892
"F",11.655,8.925,2.94,100.47,36.3075,11,"A4",305.8213725,0.118721264322362
"F",13.965,10.605,3.36,164.66625,81.24125,11,"A4",497.612052,0.163262223399686
"F",12.495,9.03,4.41,194.37375,84.07375,11,"A4",497.5796385,0.168965414769479
"F",11.76,9.24,2.94,118.38375,49.246875,11,"A4",319.467456,0.154153025840604
"F",13.23,10.08,3.36,152.8725,67.786875,11,"A4",448.084224,0.151281547908279
"F",14.07,11.55,3.99,177.28875,69.846875,12,"A4",648.408915,0.107720411277812
"F",13.755,11.445,3.465,206.86875,84.395625,12,"A4",545.481003375,0.154717807729009
"F",12.285,8.715,3.255,89.05875,38.625,12,"A4",348.492587625,0.110834495112886
"F",12.39,8.715,3.15,112.26375,46.929375,11,"A4",340.1333775,0.137973448371735
"F",15.75,12.81,4.935,313.5625,157.08,14,"A5",995.6732625,0.157762597346034
"F",13.335,10.71,3.675,151.5625,73.12125,14,"A5",524.85559875,0.139316890539314
"F",13.23,9.975,3.675,177.875,52.97625,14,"A5",484.98699375,0.109232310727302
"F",13.02,10.71,3.15,182,74.0775,13,"A5",439.24923,0.168645713960614
"F",9.975,7.35,2.415,60.875,24.735,13,"A5",177.05874375,0.139699398494123
"F",13.125,10.185,2.835,162.8125,77.775,14,"A5",378.977484375,0.205223273694649
"F",12.915,9.87,3.675,162.3125,65.47125,14,"A5",468.45610875,0.139759624812449
"F",12.18,9.45,4.935,133.875,38.25,14,"A5",568.023435,0.0673387709787009
"F",14.7,12.075,3.57,163.75,64.96125,14,"A5",633.683925,0.102513646689081
"F",15.435,11.865,4.725,254.625,110.925,13,"A5",865.318899375,0.128189734536156
"F",10.71,8.19,2.205,76.5,23.8425,13,"A5",193.4113545,0.123273527873463
"F",12.18,9.555,3.57,113.4375,47.685,13,"A5",415.476243,0.1147719052615
"F",12.705,9.45,3.465,152.8125,45.5175,13,"A5",416.01569625,0.109412939007587
"F",14.175,11.55,3.99,193.875,90.58875,13,"A5",653.2477875,0.138674407680256
"F",13.02,10.71,4.305,168.4375,60.88125,14,"A5",600.307281,0.101416810901549
"F",11.445,9.345,3.675,106.5625,44.17875,13,"A5",393.054204375,0.112398619600696
"F",9.555,7.665,2.31,48.125,21.165,13,"A5",169.18226325,0.125101766541121
"F",13.02,10.08,4.83,136.6875,51.3825,14,"A5",633.896928,0.0810581306366577
"F",14.805,11.445,3.78,192.4375,77.45625,13,"A5",640.4953905,0.120931783661291
"F",9.765,7.98,2.835,72.375,26.52,14,"A5",220.9165245,0.120045343190251
"F",11.235,8.82,3.15,92.0625,35.50875,14,"A5",312.142005,0.113758319710928
"F",9.03,7.035,2.52,55.5,19.7625,13,"A5",160.085646,0.123449544002215
"F",12.6,10.605,3.99,141.125,55.90875,13,"A5",533.15577,0.104863818692237
"F",12.39,9.345,2.73,141.5625,48.76875,13,"A5",316.0918215,0.154286655594473
"F",13.23,10.5,3.36,152.5,62.53875,14,"A5",466.7544,0.13398641769633
"F",12.285,8.82,3.255,123.0625,56.355,13,"A5",352.6912935,0.159785628504606
"F",12.705,10.185,3.36,152.75,67.575,13,"A5",434.785428,0.155421492184876
"F",11.34,9.135,3.675,111.5,41.055,13,"A5",380.6965575,0.107841794708112
"F",10.185,7.665,2.94,77.4375,33.08625,14,"A5",229.5199935,0.144154108299938
"F",14.595,11.025,4.305,227.3125,104.4225,13,"A5",692.717011875,0.150743374581427
"F",14.07,11.445,3.675,213.375,89.18625,13,"A5",591.78947625,0.150706042569644
"F",9.135,7.35,2.31,48,18.2325,13,"A5",155.0985975,0.117554254479961
"F",11.55,9.135,3.57,110.5,36.65625,14,"A5",376.6680225,0.0973171275775076
"F",12.075,10.185,3.465,130.0625,53.4225,14,"A5",426.139126875,0.125363987089762
"F",10.92,8.61,3.57,108.8125,47.62125,14,"A5",335.655684,0.141875297425322
"F",14.175,11.655,4.305,240.625,90.9075,13,"A5",711.227435625,0.127817763273029
"F",11.97,9.765,3.78,124.9375,51.6375,16,"A5",441.833049,0.116871067288586
"F",8.295,6.615,2.205,43.9375,15.10875,16,"A5",120.991492125,0.124874482780911
"F",12.81,10.29,3.57,147.1875,72.10125,15,"A5",470.579193,0.153218100316645
"F",9.45,7.98,3.465,102.0625,31.875,23,"A5",261.299115,0.121986635890443
"F",13.965,11.235,3.99,187,73.63125,17,"A5",626.01813225,0.117618398264853
"F",15.645,12.285,3.99,245.75,107.54625,18,"A5",766.87331175,0.140239917535505
"F",13.44,11.025,4.515,222.375,57.82125,22,"A5",669.01464,0.0864274808694769
"F",12.705,9.975,3.045,127.3125,59.86125,15,"A5",385.900081875,0.155121112462967
"F",12.81,10.185,3.465,136.4375,50.17125,18,"A5",452.07803025,0.110979182005936
"F",12.495,9.975,3.57,155.875,61.2,20,"A5",444.95632125,0.137541590212884
"F",13.125,10.815,3.15,155.1875,66.74625,15,"A5",447.13265625,0.14927616908992
"F",14.805,11.655,4.2,183.5625,60.11625,19,"A5",724.719555,0.0829510527006547
"F",14.49,11.34,3.885,196.4375,88.42125,15,"A5",638.369991,0.138510975212806
"F",12.6,9.975,3.78,147.5625,55.39875,19,"A5",475.0893,0.116607025247675
"F",14.28,11.55,4.2,199.5,66.9375,21,"A5",692.7228,0.0966295609152752
"F",10.08,7.77,2.73,73.5625,31.55625,15,"A5",213.817968,0.147584650135671
"F",13.545,10.29,4.515,175.75,54.37875,25,"A5",629.29189575,0.0864126017945782
"F",10.92,8.505,3.045,103.625,45.07125,15,"A5",282.803157,0.159373220858351
"F",13.86,10.92,4.2,209.5,85.8075,17,"A5",635.67504,0.134986423251729
"F",10.29,7.665,2.73,85.4375,21.0375,21,"A5",215.3228805,0.0977021111325882
"F",11.97,9.45,3.675,119.4375,48.45,18,"A5",415.7031375,0.116549517262183
"F",13.02,9.87,4.2,153.1875,48.5775,23,"A5",539.73108,0.0900031549044758
"F",14.49,11.655,4.305,227.0625,99.25875,19,"A5",727.03248975,0.136525879378694
"F",14.7,11.34,4.515,247.25,85.10625,24,"A5",752.64147,0.113076748215854
"F",14.385,11.025,3.675,213.75,69.04125,16,"A5",582.835246875,0.118457575052607
"F",16.8,13.23,4.095,315.75,118.9575,23,"A5",910.17108,0.130697956256751
"F",14.28,11.76,3.465,204.875,77.20125,15,"A5",581.887152,0.132673920939227
"F",11.655,9.135,3.465,121.25,42.84,17,"A5",368.913092625,0.116124910870395
"F",12.6,9.975,3.78,145.25,65.1525,18,"A5",475.0893,0.137137376068036
"F",12.6,10.08,3.15,128.625,52.08375,16,"A5",400.0752,0.130184900238755
"F",10.605,8.925,2.94,106.25,35.0625,19,"A5",278.2698975,0.126001771355811
"F",14.49,11.76,4.515,214.875,86.7,17,"A5",769.366836,0.112690066614725
"F",10.395,8.4,3.255,80.5625,30.855,17,"A5",284.22009,0.108560235836953
"F",13.02,9.87,4.725,139.375,48.195,15,"A5",607.197465,0.0793728610181204
"F",13.02,10.92,4.725,147.9375,48.195,23,"A5",671.79294,0.0717408551509934
"F",14.28,11.55,4.41,218.0625,76.18125,17,"A5",727.35894,0.104736802987532
"F",11.865,9.555,3.675,126.625,43.605,19,"A5",416.635025625,0.10465994771944
"F",11.235,8.715,3.885,105.1875,40.035,15,"A5",380.392102125,0.105246664629341
"F",13.965,11.13,3.885,174.4375,58.14,15,"A5",603.84729825,0.0962826200738077
"F",11.97,9.24,2.94,119.1875,48.25875,17,"A5",325.172232,0.148409812557426
"F",13.86,11.865,4.095,220.0625,88.23,16,"A5",673.4182455,0.131018131138533
"M",7.98,5.67,1.995,27.375,10.4375,6,"A1",90.266967,0.115629231233614
"M",7.455,5.46,1.785,23.8125,10.125,6,"A1",72.6571755,0.139353063621362
"M",7.875,6.405,1.89,40.5625,17.4375,5,"A1",95.33041875,0.182916431383031
"M",10.08,7.875,2.415,84.5625,40.0625,6,"A1",191.7027,0.208982450429754
"M",3.255,2.31,0.84,1.9375,0.8125,3,"A1",6.316002,0.128641504546705
"M",10.5,8.19,2.625,65.1875,31.0625,6,"A1",225.736875,0.137604899509661
"M",4.935,3.36,1.26,6.8125,3.3125,4,"A1",20.892816,0.158547320763271
"M",10.5,8.19,2.835,82.4375,39.3125,6,"A1",243.795825,0.161251735955692
"M",5.88,4.305,2.1,14.5625,6.8125,5,"A1",53.15814,0.128155349303042
"M",5.67,4.095,1.68,12.5,4.8125,6,"A1",39.007332,0.123374241540026
"M",9.45,7.035,2.625,58.259375,27.0625,6,"A1",174.51196875,0.155075323451131
"M",5.46,4.2,1.365,13.00375,5.5,6,"A1",31.30218,0.175706612127334
"M",9.87,7.875,2.52,72.5625,32.9175,8,"A2",195.87015,0.168057766841961
"M",6.72,5.04,1.785,21.25,8.105625,7,"A2",60.455808,0.134075207463938
"M",8.925,6.93,1.68,45.125,16.5825,7,"A2",103.90842,0.159587644581642
"M",8.82,7.14,2.415,52.6875,21.65625,8,"A2",152.084142,0.142396503114703
"M",6.51,4.725,1.68,16.8125,6.6825,7,"A2",51.67638,0.129314398570488
"M",10.605,9.24,2.94,103.4375,42.260625,8,"A2",288.091188,0.14669183494776
"M",7.98,6.3,2.1,31.3125,13.1175,8,"A2",105.5754,0.124247694065095
"M",11.025,8.505,2.73,89.8125,40.404375,8,"A2",255.98561625,0.157838458237983
"M",11.235,8.715,2.835,97.5,39.166875,8,"A2",277.583425875,0.141099472623547
"M",12.18,9.555,2.73,106.5,50.7375,8,"A2",317.717127,0.159693940578784
"M",8.4,6.72,1.995,37.875,16.520625,7,"A2",112.61376,0.146701655286175
"M",9.45,6.825,2.415,53.8125,27.658125,8,"A2",155.75844375,0.177570630099468
"M",11.235,8.505,2.94,91.4375,41.58,7,"A2",280.9278045,0.148009557380783
"M",11.025,8.715,2.835,99.3125,48.7575,7,"A2",272.394950625,0.17899560872229
"M",5.355,4.095,1.365,10,3.898125,8,"A2",29.932709625,0.130229606635554
"M",9.765,7.455,2.52,66.4375,33.721875,8,"A2",183.451149,0.18381937198987
"M",10.29,7.98,2.31,69.25,36.320625,8,"A2",189.683802,0.191479844968523
"M",9.87,7.665,2.52,79.43875,40.46625,8,"A2",190.646946,0.212257530734324
"M",12.075,9.45,3.465,120.6875,61.6275,8,"A2",395.38681875,0.155866349300245
"M",9.975,8.085,2.52,70.25,35.76375,8,"A2",203.232645,0.175974435603099
"M",9.975,7.56,2.1,53.5625,24.316875,7,"A2",158.3631,0.153551395495542
"M",11.445,8.19,2.835,97.9375,52.284375,7,"A2",265.73744925,0.196752001449416
"M",11.97,9.66,3.57,112.9375,50.428125,7,"A2",412.799814,0.122161210566825
"M",10.71,8.19,2.835,96.125,48.695625,8,"A2",248.6717415,0.195822913798993
"M",11.76,9.03,3.255,108.4375,49.5,8,"A2",345.657564,0.143205314031548
"M",13.125,10.5,2.73,135.25,71.589375,8,"A2",376.228125,0.190281827016521
"M",10.08,7.665,2.73,66.3125,29.761875,8,"A2",210.928536,0.141099329490439
"M",12.18,9.45,2.52,108.5625,51.7275,8,"A2",290.05452,0.178337162268666
"M",9.555,7.35,2.31,57.25,24.75,8,"A2",162.2295675,0.152561585297945
"M",11.235,8.505,2.94,102.25,49.7475,7,"A2",280.9278045,0.177082863294865
"M",8.505,6.51,2.1,48.125,21.40875,7,"A2",116.271855,0.184126674507773
"M",9.975,7.77,2.625,81.125,42.94125,8,"A2",203.45259375,0.21106268152455
"M",9.87,7.77,2.73,65.3125,24.87375,7,"A2",209.363427,0.118806566917726
"M",10.71,8.505,2.625,86.5625,40.46625,7,"A2",239.10744375,0.169238771346281
"M",12.915,10.605,3.99,175.375,83.098125,8,"A2",546.48466425,0.152059390566878
"M",9.765,7.56,2.31,61.9375,32.979375,7,"A2",170.532054,0.193391061835214
"M",10.71,8.715,3.045,93.875,40.775625,8,"A2",284.21314425,0.143468470142721
"M",13.65,10.5,2.94,154.75,76.291875,8,"A2",421.3755,0.181054368372153
"M",9.24,6.825,1.68,51.625,17.82,8,"A2",105.94584,0.168199147790985
"M",11.655,9.135,2.94,93.6875,42.19875,8,"A2",313.0171695,0.134812892428254
"M",11.445,8.82,3.045,97.25,46.344375,7,"A2",307.3772205,0.150773615964817
"M",10.92,8.715,3.675,94.125,31.9275,8,"A2",349.741665,0.0912888088412343
"M",8.715,6.615,2.52,50.1875,24.62625,8,"A2",145.277307,0.169512021585037
"M",8.82,7.035,2.415,46.125,21.16125,8,"A2",149.8476105,0.141218468078275
"M",7.35,5.565,1.89,28.1875,12.313125,7,"A2",77.3061975,0.159277333489336
"M",9.87,7.875,2.73,65.375,26.4825,8,"A2",212.1926625,0.12480403275019
"M",10.185,7.665,3.255,128.625,52.408125,8,"A2",254.111421375,0.206240729820088
"M",10.605,8.4,3.15,96.875,42.631875,7,"A2",280.6083,0.151926635812269
"M",14.49,11.025,3.675,212.5625,102.155625,8,"A2",587.08951875,0.174003489650955
"M",7.77,5.88,2.205,28,10.085625,8,"A2",100.741158,0.1001142452621
"M",10.185,8.19,2.835,77.125,30.9375,8,"A2",236.48195025,0.130823938010043
"M",11.13,8.61,2.94,94.3125,43.250625,8,"A2",281.738142,0.153513559410071
"M",13.02,9.45,4.2,107.25,53.026875,8,"A2",516.7638,0.102613369976767
"M",13.545,10.92,3.675,195.125,87.73875,8,"A2",543.574395,0.1614107485692
"M",11.445,9.45,3.15,97.5625,46.963125,8,"A2",340.6890375,0.137847479169329
"M",10.92,8.4,2.52,72.5,28.9575,8,"A2",231.15456,0.12527332361516
"M",12.18,9.555,3.15,139.25,58.966875,8,"A2",366.596685,0.16084944957972
"M",11.655,9.135,3.045,115.0625,49.995,8,"A2",324.196354125,0.154212098204915
"M",8.82,7.245,2.205,53.75,21.65625,7,"A2",140.9014845,0.153697812885712
"M",9.87,7.875,2.415,53.3125,20.851875,8,"A2",187.70889375,0.111086238821329
"M",9.87,7.56,2.205,68,33.4125,7,"A2",164.530926,0.203077322983036
"M",11.025,7.98,2.625,81.25,37.49625,7,"A2",230.9461875,0.162359250896922
"M",13.545,10.71,3.36,166.25,82.479375,9,"A3",487.424952,0.169214511201306
"M",14.07,10.5,3.99,189.875,76.23,10,"A3",589.46265,0.129321170730665
"M",12.075,9.555,2.835,113.375,52.531875,9,"A3",327.092731875,0.160602391556885
"M",10.815,8.295,2.52,80.75,35.26875,9,"A3",226.070271,0.156007907824377
"M",13.125,10.395,3.255,147.125,62.555625,9,"A3",444.093890625,0.1408612600186
"M",9.24,7.875,2.73,60.875,27.9675,9,"A3",198.64845,0.14078891629912
"M",11.865,9.03,2.73,98,43.250625,9,"A3",292.4947935,0.147868016666081
"M",13.125,9.975,3.675,167.5625,81.18,10,"A3",481.137890625,0.168725019545949
"M",11.025,8.505,2.835,94.6875,40.899375,10,"A3",265.831216875,0.153854673205035
"M",12.285,9.555,2.94,121.25,57.1725,9,"A3",345.1065345,0.165666234291487
"M",11.235,9.135,3.15,90.625,33.28875,9,"A3",323.28993375,0.102968717936458
"M",9.24,7.455,2.625,59.6875,16.335,9,"A3",180.821025,0.0903379460436086
"M",14.595,11.55,4.305,271.625,140.20875,10,"A3",725.70353625,0.193203895249725
"M",13.545,10.605,3.465,163.375,53.645625,10,"A3",497.728972125,0.107780796385964
"M",11.76,9.03,3.045,112.4375,57.42,9,"A3",323.357076,0.17757458939912
"M",13.44,10.395,3.57,142.375,66.763125,10,"A3",498.760416,0.133858106734757
"M",13.44,10.815,1.68,130.25,63.73125,10,"A3",244.194048,0.260986090864917
"M",13.545,10.71,4.095,153.25,72.826875,10,"A3",594.04916025,0.122594020618347
"M",13.02,10.185,3.465,141.5625,64.783125,9,"A3",459.4891455,0.140989456735709
"M",9.66,7.875,2.73,71.6875,30.999375,9,"A3",207.677925,0.14926658671113
"M",10.71,7.98,2.835,85.125,42.508125,9,"A3",242.295543,0.175439153662022
"M",6.93,5.25,1.89,24.625,10.51875,10,"A3",68.762925,0.152971241406616
"M",11.76,9.765,3.045,110.9375,41.394375,9,"A3",349.676838,0.118378944504182
"M",13.23,10.5,3.885,170.25,71.589375,10,"A3",539.684775,0.132650351309243
"M",10.5,7.77,3.15,132.6875,61.1325,9,"A3",256.99275,0.23787636032534
"M",7.875,5.88,1.995,27.8125,10.828125,10,"A3",92.378475,0.117214805721787
"M",12.915,9.555,3.15,116.6875,47.2725,10,"A3",388.71889875,0.121611015445901
"M",13.86,10.5,3.465,164.9375,82.54125,9,"A3",504.26145,0.163687408585368
"M",9.87,7.665,2.835,69.13875,29.638125,10,"A3",214.47781425,0.138187369652384
"M",7.14,5.355,1.995,26.625,10.02375,9,"A3",76.2782265,0.131410370428578
"M",13.335,10.815,3.465,153.625,62.555625,10,"A3",499.715456625,0.125182489696218
"M",14.49,11.13,3.99,199.4375,83.9025,10,"A3",643.482063,0.130388249843104
"M",8.61,6.3,2.1,37.625,15.345,9,"A3",113.9103,0.13471125964904
"M",14.07,11.025,3.78,207.6875,99.061875,10,"A3",586.360215,0.168943718325091
"M",12.075,9.345,3.36,104.875,49.561875,9,"A3",379.14534,0.130719989859298
"M",12.18,9.45,3.36,108.4375,48.695625,9,"A3",386.73936,0.125913289508469
"M",12.39,9.975,3.465,134.625,56.244375,9,"A3",428.24021625,0.131338377073781
"M",12.285,9.975,3.15,133.125,65.773125,10,"A3",386.01005625,0.170392257753518
"M",12.6,10.71,3.885,160.625,75.425625,9,"A3",524.26521,0.143869216498268
"M",7.14,5.565,1.785,24.205,9.52875,10,"A3",70.9253685,0.134348967111817
"M",9.975,7.455,2.625,57.8125,23.0175,9,"A3",195.204515625,0.117914792730605
"M",10.5,8.19,2.835,97.6875,44.67375,9,"A3",243.795825,0.183242473491907
"M",11.445,8.925,2.835,105.5625,46.15875,10,"A3",289.585681875,0.159395829590513
"M",12.495,9.66,3.255,128.75,52.903125,10,"A3",392.8840335,0.134653283129664
"M",7.245,5.67,1.995,24.625,8.229375,9,"A3",81.95290425,0.100415904418665
"M",9.66,7.665,2.625,58.375,23.450625,10,"A3",194.3652375,0.120652362025385
"M",12.075,9.45,3.255,110.75,44.611875,9,"A3",371.42398125,0.120110378575616
"M",13.44,10.29,3.255,141.0625,59.02875,9,"A3",450.158688,0.131128758754513
"M",12.075,9.765,3.15,135,73.63125,9,"A3",371.42398125,0.198240430658784
"M",13.335,10.395,3.57,171.1875,81.30375,10,"A3",494.86385025,0.164295189391842
"M",9.975,7.875,2.73,64.6875,25.678125,10,"A3",214.45003125,0.119739432306564
"M",12.6,9.765,3.255,127.0625,63.36,10,"A3",400.491945,0.158205429075484
"M",12.81,10.08,3.885,163.3125,85.325625,10,"A3",501.649848,0.170090004691878
"M",6.195,4.725,1.89,18.54,5.94,9,"A3",55.32289875,0.107369645015212
"M",13.125,9.555,3.57,135.25,61.318125,9,"A3",447.71146875,0.136959022227415
"M",11.97,9.45,3.255,149.375,69.609375,10,"A3",368.1942075,0.189056138260948
"M",14.385,10.71,3.465,193.125,84.8925,10,"A3",533.82950775,0.159025491786333
"M",11.55,9.45,3.15,126.8125,50.36625,10,"A3",343.814625,0.14649245941763
"M",9.765,7.56,2.205,61,23.265,10,"A3",162.780597,0.142922439337165
"M",13.545,10.5,4.095,175.125,76.291875,10,"A3",582.4011375,0.130995408641351
"M",11.55,9.135,2.94,95.3125,40.46625,10,"A3",310.197195,0.130453307290545
"M",12.18,9.45,2.94,103,42.879375,10,"A3",338.39694,0.126713246875105
"M",10.08,7.875,3.045,97.125,26.73,9,"A3",241.7121,0.110586106363728
"M",10.395,8.295,2.625,67.6875,29.390625,9,"A3",226.344628125,0.129849006108371
"M",11.76,9.45,3.255,126.239375,44.488125,10,"A3",361.73466,0.122985519275372
"M",9.66,7.875,2.94,63.8125,23.76,9,"A3",223.65315,0.106235928266604
"M",14.385,10.605,3.99,191.625,82.54125,10,"A3",608.68617075,0.135605594420349
"M",12.39,9.24,2.835,120.75,54.32625,10,"A3",324.561006,0.167383786085504
"M",11.13,8.505,3.15,103.9375,43.56,10,"A3",298.1810475,0.146085743427405
"M",13.125,10.08,3.78,152.875,69.91875,10,"A3",500.094,0.139811215491488
"M",9.87,7.56,2.835,62.625,20.604375,10,"A3",211.539762,0.0974019012085302
"M",13.44,10.5,3.57,181.8125,79.4475,9,"A3",503.7984,0.157697007374378
"M",8.925,7.14,2.52,48.5,18.43875,10,"A3",160.58574,0.114821839099786
"M",10.71,8.61,3.255,160.3125,70.41375,9,"A3",300.1536405,0.234592357043226
"M",14.805,11.76,3.465,209.375,98.62875,10,"A3",603.280062,0.163487501431798
"M",10.5,8.505,2.94,76.9375,29.82375,9,"A3",262.54935,0.1135929302434
"M",13.125,10.92,3.675,176.3125,85.51125,10,"A3",526.719375,0.162346885378955
"M",15.855,12.18,4.305,250.8125,102.650625,10,"A3",831.3553395,0.123473826561019
"M",12.075,9.45,2.835,115.1875,43.8075,9,"A3",323.49830625,0.135418019673171
"M",13.02,10.185,3.255,131.125,57.1725,10,"A3",431.6413185,0.1324537238434
"M",12.285,9.87,3.465,176.125,99,10,"A3",420.14147175,0.235634915038591
"M",12.495,9.135,3.36,132.125,52.655625,9,"A3",383.516532,0.13729688450562
"M",10.395,7.98,2.52,59.25,24.37875,10,"A3",209.039292,0.116622811753496
"M",13.755,11.55,3.78,159.25,72.5175,10,"A3",600.529545,0.120755923840516
"M",13.125,10.395,3.255,128.125,56.925,9,"A3",444.093890625,0.128182353330477
"M",10.185,7.77,2.94,71.5625,25.245,10,"A3",232.664103,0.108504060895032
"M",15.015,11.865,3.675,244.0625,94.606875,10,"A3",654.712183125,0.144501473225125
"M",11.97,9.87,3.255,148.25,78.643125,10,"A3",384.5583945,0.20450242700397
"M",13.65,10.92,3.255,171,76.539375,9,"A3",485.18379,0.157753363936582
"M",13.125,10.5,3.885,155.3125,74.188125,10,"A3",535.4015625,0.138565387544979
"M",12.39,10.29,3.465,150.875,69.17625,10,"A3",441.7635915,0.156591107395504
"M",12.285,10.08,3.885,130,53.7075,10,"A3",481.090428,0.111637016398921
"M",12.495,9.87,3.255,150.1875,60.885,10,"A3",401.42499075,0.151672171396818
"M",8.925,7.035,2.1,51.0625,21.718125,9,"A3",131.8534875,0.164714073262567
"M",13.65,10.815,3.675,183.25,83.77875,10,"A3",542.52095625,0.154424910291196
"M",7.77,5.985,2.1,28.5,8.353125,10,"A3",97.657245,0.0855351284996827
"M",10.71,8.505,2.73,89.6875,46.096875,9,"A3",248.6717415,0.18537238980972
"M",12.495,9.975,2.94,128.8125,60.946875,10,"A3",366.4346175,0.166324010039799
"M",7.35,5.355,1.365,22.375,8.724375,10,"A3",53.72537625,0.162388346233313
"M",11.97,9.135,3.57,109.125,47.2725,10,"A3",390.3650415,0.121098190089852
"M",9.555,7.35,2.205,50.125,19.490625,9,"A3",154.85549625,0.125863307870805
"M",13.86,11.13,3.675,197.875,91.513125,10,"A3",566.912115,0.161423830217493
"M",7.035,5.565,1.995,24.6875,9.838125,9,"A3",78.103801125,0.125962179283115
"M",13.65,10.71,3.36,172.9375,79.014375,9,"A3",491.20344,0.160858757422383
"M",13.23,10.29,3.255,156.5625,77.9625,9,"A3",443.1249585,0.175937957238759
"M",13.65,10.815,2.625,147.5625,64.783125,9,"A3",387.51496875,0.167175800225136
"M",12.81,9.975,3.675,128,50.61375,9,"A3",469.59058125,0.107782719715697
"M",9.66,7.35,2.625,64.5625,23.326875,9,"A3",186.377625,0.125159202989093
"M",13.02,9.87,3.15,174.134375,72.64125,9,"A3",404.79831,0.179450477448881
"M",10.815,7.35,3.255,115.3125,51.789375,9,"A3",258.74076375,0.200159318730464
"M",12.915,9.975,3.57,141.125,59.338125,10,"A3",459.91283625,0.129020371520452
"M",13.125,10.815,3.465,152.125,82.54125,10,"A3",491.845921875,0.167819323753542
"M",12.39,10.185,3.255,134.8125,56.120625,9,"A3",410.75544825,0.136627828648649
"M",7.98,6.09,2.52,35.375,14.540625,9,"A3",122.467464,0.118730514416466
"M",12.6,9.66,3.15,155.875,66.020625,9,"A3",383.4054,0.172195344666507
"M",10.92,8.4,3.045,97.0625,43.621875,9,"A3",279.31176,0.15617629204012
"M",9.975,7.875,2.625,74.125,34.27875,10,"A3",206.201953125,0.166238726066868
"M",11.445,8.61,2.94,92.125,43.18875,9,"A3",289.711863,0.14907484130189
"M",8.925,6.93,2.73,55.0625,18.81,9,"A3",168.8511825,0.111399871303833
"M",12.495,9.765,2.625,99.875,40.156875,10,"A3",320.285896875,0.125378217997754
"M",11.97,9.555,3.15,119,48.200625,9,"A3",360.2760525,0.13378803466267
"M",14.07,11.025,3.78,186.4375,90.09,9,"A3",586.360215,0.153642756952738
"M",11.55,8.82,3.36,167.5625,78.271875,10,"A3",342.28656,0.228673527234023
"M",8.4,6.09,2.415,34.9375,13.798125,9,"A3",123.54174,0.111687960684381
"M",12.81,9.87,3.465,131.5,61.6275,9,"A3",438.0962355,0.140671147127444
"M",11.655,9.66,3.36,107.5,41.394375,10,"A3",378.293328,0.109424015535373
"M",13.02,10.29,3.15,149.375,56.986875,9,"A3",422.02377,0.135032382180748
"M",13.125,10.29,3.465,150.625,64.040625,10,"A3",467.96990625,0.136847742012257
"M",9.975,7.77,2.625,81.875,32.9175,10,"A3",203.45259375,0.161794447508733
"M",12.6,10.08,3.465,114.5625,51.170625,9,"A3",440.08272,0.116275015297124
"M",13.23,10.29,3.15,149.4375,72.331875,9,"A3",428.830605,0.168672371226862
"M",9.765,7.14,2.205,60.75,28.58625,9,"A3",153.7372305,0.185942272454297
"M",8.925,6.825,2.52,46.9375,17.5725,9,"A3",153.501075,0.114478025642491
"M",15.12,11.55,4.305,270.625,136.805625,10,"A3",751.80798,0.181968838638824
"M",13.02,9.975,4.095,169.8125,73.445625,10,"A3",531.8360775,0.138098237609689
"M",11.13,8.715,2.52,88.25,41.518125,9,"A3",244.434834,0.169853552869637
"M",12.705,9.975,3.675,156.5625,68.990625,9,"A3",465.741478125,0.14813072968666
"M",13.965,10.5,3.675,162.1875,75.178125,9,"A3",538.8744375,0.13950954019785
"M",10.5,8.4,2.625,74.6875,33.4125,9,"A3",231.525,0.144314868804665
"M",12.81,9.87,3.36,127.75,55.56375,9,"A3",424.820592,0.130793447978623
"M",11.445,8.61,2.52,99.125,53.7075,9,"A3",248.324454,0.216279545308091
"M",9.66,7.35,2.52,64.375,27.72,10,"A3",178.92252,0.154927395388797
"M",10.815,8.4,2.94,79.1875,35.64,9,"A3",267.08724,0.13343954582031
"M",15.12,12.285,4.62,244.035,112.14875,11,"A4",858.161304,0.130684930067646
"M",9.87,7.875,2.52,70.95375,27.685,12,"A4",195.87015,0.141343640161607
"M",13.44,12.075,3.675,185.95875,76.5625,11,"A4",596.4084,0.12837260508068
"M",11.55,9.45,3.57,103.275,38.8325,11,"A4",389.656575,0.0996582695929101
"M",8.295,6.195,2.415,40.29,14.76125,12,"A4",124.100872875,0.118945577561475
"M",15.12,11.76,3.78,202.27875,84.6475,11,"A4",672.126336,0.125939864972052
"M",14.28,11.235,3.885,204.8925,88.75125,12,"A4",623.293083,0.142390879059378
"M",13.02,9.765,3.99,171.04125,69.88625,11,"A4",507.289797,0.137763957432797
"M",13.65,11.025,3.99,205.59375,95.1825,11,"A4",600.4600875,0.158515947989632
"M",11.97,9.66,2.94,121.57125,54.69625,12,"A4",339.952788,0.160893665034452
"M",14.07,11.025,3.465,205.08375,83.545,11,"A4",537.49686375,0.15543346507573
"M",10.5,7.98,3.255,75.92625,26.15375,12,"A4",272.73645,0.0958938565050619
"M",13.545,10.395,3.99,196.2225,74.90875,12,"A4",561.79309725,0.13333867996364
"M",15.12,12.075,4.515,277.0575,116.55875,12,"A4",824.32161,0.141399604943027
"M",12.075,9.87,2.94,106.78125,42.69125,11,"A4",350.389935,0.12183925888168
"M",13.23,10.29,3.78,144.075,56.105,12,"A4",514.596726,0.109027121948693
"M",13.65,11.025,3.99,174.48375,73.19375,11,"A4",600.4600875,0.121896111871049
"M",11.865,9.24,2.415,117.10875,49.49,11,"A4",264.762729,0.186922079957863
"M",12.6,9.975,3.15,138.8475,63.63875,11,"A4",395.90775,0.160741359571769
"M",12.285,10.71,3.36,155.295,78.2775,11,"A4",442.083096,0.17706512804552
"M",7.98,5.985,2.1,33.97875,14.0875,11,"A4",100.29663,0.140458358371562
"M",12.705,10.5,3.675,139.995,58.37125,12,"A4",490.2541875,0.119063235946353
"M",10.185,8.085,2.625,60.88125,24.5,12,"A4",216.157528125,0.113343265036932
"M",8.61,6.825,2.52,47.74875,19.355,12,"A4",148.08339,0.130703382735903
"M",7.455,5.88,1.995,31.30125,11.69875,11,"A4",87.451623,0.133773960947529
"M",11.865,9.45,2.94,128.20125,46.36625,12,"A4",329.645295,0.140654972794318
"M",12.915,10.185,4.515,122.59125,51.695,11,"A4",593.899826625,0.0870432986885535
"M",13.23,10.605,3.15,167.85375,77.48125,11,"A4",441.9580725,0.175313575701233
"M",13.965,11.025,3.78,182.1975,82.25875,12,"A4",581.9843925,0.14134184878506
"M",7.875,6.3,2.1,31.42875,12.74,11,"A4",104.18625,0.1222810111699
"M",11.55,8.82,3.045,94.15875,39.3225,11,"A4",310.197195,0.126766136618353
"M",12.915,9.87,3.045,131.13375,54.32875,11,"A4",388.14934725,0.139968675420721
"M",14.28,11.34,3.99,206.9325,87.77125,12,"A4",646.121448,0.135843269514867
"M",13.965,10.92,3.675,174.99375,74.235,12,"A4",560.429415,0.132460927305181
"M",13.02,10.185,3.255,131.26125,52.0625,12,"A4",431.6413185,0.120615190827706
"M",13.44,10.605,3.78,165.3675,72.275,11,"A4",538.767936,0.13414866618937
"M",8.085,6.51,2.1,36.27375,13.04625,11,"A4",110.530035,0.118033528171777
"M",15.75,11.55,3.78,241.3575,115.395,11,"A4",687.62925,0.167815723371279
"M",10.5,8.085,2.835,70.2525,27.50125,11,"A4",240.6702375,0.114269426438739
"M",8.61,6.51,2.625,45.83625,17.33375,11,"A4",147.1341375,0.117809165802872
"M",13.545,10.92,3.675,208.59,95.4275,11,"A4",543.574395,0.17555554654115
"M",15.12,11.865,4.2,268.45125,124.5825,12,"A4",753.47496,0.165343915343915
"M",14.805,11.55,4.41,189.4363125,80.2375,11,"A4",754.1000775,0.106401659930873
"M",13.125,10.5,3.78,174.73875,79.0125,12,"A4",520.93125,0.151675485008818
"M",12.6,10.08,3.255,129.285,55.2475,11,"A4",413.41104,0.133638182473308
"M",11.025,8.4,3.57,93.13875,34.1775,11,"A4",330.6177,0.103374683206616
"M",13.65,10.71,3.675,184.365,79.44125,12,"A4",537.2537625,0.147865413971857
"M",10.5,8.61,3.15,84.405,34.48375,11,"A4",284.77575,0.121090893448617
"M",11.76,9.555,3.255,101.6175,41.65,11,"A4",365.753934,0.113874373255545
"M",13.02,10.08,3.255,160.07625,64.5575,11,"A4",427.191408,0.151120782841213
"M",12.81,10.185,3.675,158.67375,66.64,12,"A4",479.47669875,0.138984856143648
"M",13.125,9.87,3.78,144.84,55.2475,11,"A4",489.675375,0.112824746394486
"M",13.125,10.185,3.57,183.2175,71.72375,11,"A4",477.23090625,0.150291502626251
"M",9.03,7.245,2.415,38.82375,11.33125,11,"A4",157.99497525,0.0717190529766547
"M",15.015,11.55,3.99,255.57375,128.19625,12,"A4",691.9587675,0.18526573550497
"M",15.54,12.495,3.99,296.24625,140.81375,11,"A4",774.747477,0.181754383435056
"M",12.495,9.555,3.045,120.105,52.675,11,"A4",363.541712625,0.144893964490769
"M",12.81,10.08,3.465,158.61,77.72625,12,"A4",447.417432,0.173721997492489
"M",12.6,9.66,3.57,150.51375,55.86,11,"A4",434.52612,0.128553836993735
"M",13.125,10.395,3.885,176.39625,87.03625,11,"A4",530.047546875,0.164204608649053
"M",13.335,10.395,3.15,137.8275,59.10625,11,"A4",436.64457375,0.135364673130786
"M",12.915,9.87,3.675,158.355,69.51875,11,"A4",468.45610875,0.148399708535128
"M",13.755,11.025,3.36,186.15,84.035,11,"A4",509.54022,0.164923192913015
"M",13.65,10.605,3.99,162.435,72.275,11,"A4",577.5854175,0.12513300684223
"M",14.28,11.445,3.885,213.18,86.66875,11,"A4",634.943421,0.136498382585808
"M",13.335,10.5,3.465,162.3075,80.05375,12,"A4",485.1606375,0.165004626946884
"M",12.39,9.66,2.73,140.505,55.7375,12,"A4",326.746602,0.1705832582767
"M",12.495,9.87,3.675,147.2809875,46.795,12,"A4",453.22176375,0.103249675418969
"M",13.755,10.71,4.515,227.39625,108.84125,11,"A4",665.13196575,0.163638579416749
"M",13.755,10.92,3.78,190.23,88.01625,11,"A4",567.773388,0.155020034154894
"M",14.7,11.655,4.2,236.895,89.425,11,"A4",719.5797,0.124273933797743
"M",14.385,11.13,3.57,198.9,79.2575,11,"A4",571.5750285,0.138665085156008
"M",9.87,7.77,2.835,69.7425,27.195,12,"A4",217.4158665,0.125082867399652
"M",11.34,8.82,2.835,102.95625,42.69125,11,"A4",283.553298,0.150558114827499
"M",11.55,9.66,2.73,90.33375,37.3625,12,"A4",304.59429,0.122663166141427
"M",11.97,9.555,3.255,106.08,43.91625,11,"A4",372.28525425,0.117963979230048
"M",13.125,9.87,3.57,148.72875,56.41125,11,"A4",462.4711875,0.121977869161849
"M",9.66,7.875,2.835,62.92125,22.785,12,"A4",215.6655375,0.105649703073214
"M",8.4,6.51,2.31,40.035,16.905,11,"A4",126.32004,0.133826746729973
"M",9.555,7.455,2.73,65.6625,24.5,11,"A4",194.46479325,0.125986815353786
"M",13.125,10.29,3.465,142.35375,59.96375,11,"A4",467.96990625,0.128135910448836
"M",15.435,12.285,3.885,270.81,116.62,11,"A4",736.669717875,0.158307036613915
"M",13.335,10.92,3.675,164.73,73.5,11,"A4",535.146885,0.13734546917899
"M",11.76,9.66,4.935,107.03625,40.73125,12,"A4",560.623896,0.0726534318116187
"M",9.765,7.56,1.68,62.22,23.3975,11,"A4",124.023312,0.188654049167789
"M",11.55,8.82,3.045,92.3125,39.72375,14,"A5",310.197195,0.128059668624663
"M",12.39,10.5,4.2,148.375,50.985,13,"A5",546.399,0.0933109321210324
"M",13.86,11.13,3.57,173.8125,73.074375,14,"A5",550.714626,0.132690093108223
"M",12.075,9.45,3.885,115.625,42.3225,14,"A5",443.31249375,0.0954687733747184
"M",15.75,11.655,4.515,275.125,131.360625,13,"A5",828.80161875,0.158494653036656
"M",13.125,9.87,3.57,145.8125,56.986875,14,"A5",462.4711875,0.123222541296154
"M",11.97,9.765,2.625,106.125,46.839375,14,"A5",306.82850625,0.15265652977444
"M",11.97,10.08,3.675,148.125,58.6575,13,"A5",443.41668,0.13228528074316
"M",12.495,10.5,3.465,132.5,49.7475,14,"A5",454.5993375,0.109431527713126
"M",12.285,9.555,3.255,141.625,68.248125,14,"A5",382.082234625,0.17862156053129
"M",13.02,10.185,3.255,128.6875,52.59375,13,"A5",431.6413185,0.12184595808105
"M",12.915,9.975,3.255,134.1875,54.140625,14,"A5",419.332291875,0.129111509056257
"M",14.28,10.92,3.465,184.6875,89.595,14,"A5",540.323784,0.165817242647975
"M",13.335,10.5,3.57,179.3125,75.61125,13,"A5",499.862475,0.151264105192133
"M",12.39,10.185,2.52,113.875,48.2625,13,"A5",318.004218,0.151766854866057
"M",14.28,10.92,3.675,192.875,93.121875,14,"A5",573.07068,0.162496317208202
"M",10.5,7.98,3.255,74.4375,26.420625,13,"A5",272.73645,0.0968723652449095
"M",11.025,8.4,2.73,103.6875,29.761875,13,"A5",252.8253,0.117717154889167
"M",12.6,9.66,3.255,90.51125,35.26875,14,"A5",396.18558,0.0890207816246114
"M",13.65,11.445,3.36,162.61125,60.26625,14,"A5",524.91348,0.114811778123892
"M",11.235,8.61,3.15,101.3125,42.69375,14,"A5",304.7100525,0.140112705996137
"M",11.235,9.24,3.15,84.5625,31.68,13,"A5",327.00591,0.0968789830128758
"M",11.655,9.45,3.045,119.86625,49.5,13,"A5",335.37553875,0.14759573755586
"M",13.23,10.605,3.255,138.125,60.885,14,"A5",456.69000825,0.133318003240987
"M",13.335,10.08,3.99,183.375,72.084375,13,"A5",536.323032,0.134404772308939
"M",14.7,11.655,4.2,232.25,90.3375,13,"A5",719.5797,0.125542035163026
"M",14.595,11.13,3.99,215.75,94.359375,13,"A5",648.1449765,0.145583748113799
"M",12.495,9.975,3.36,164.6875,50.49,13,"A5",418.78242,0.120563800170981
"M",11.97,8.505,3.36,115.5625,42.631875,13,"A5",342.064296,0.124631174602333
"M",10.92,8.4,2.52,102.875,36.8775,13,"A5",231.15456,0.15953611297999
"M",12.18,9.87,3.465,115.875,39.785625,13,"A5",416.550519,0.0955121244249368
"M",13.44,11.025,3.885,213.375,94.42125,13,"A5",575.66376,0.164021528817447
"M",7.35,5.565,1.89,22.1875,7.115625,13,"A5",77.3061975,0.0920446902074054
"M",11.97,9.555,3.255,104,44.364375,13,"A5",372.28525425,0.119167693303824
"M",12.495,9.87,3.045,123.875,49.933125,14,"A5",375.52660425,0.132968275575911
"M",14.28,11.34,4.095,222.8125,68.866875,13,"A5",663.124644,0.103852082143399
"M",12.81,10.08,2.94,132.8125,63.855,13,"A5",379.626912,0.168204618749474
"M",13.545,10.5,3.99,153.625,65.5,17,"A5",567.467775,0.115425056515324
"M",11.13,9.135,3.36,110.375,39.5,15,"A5",341.619768,0.1156256273788
"M",12.285,8.505,3.15,157.0625,54.375,15,"A5",329.12436375,0.165211105554321
"M",13.23,10.71,3.99,187.3125,51.5625,16,"A5",565.356267,0.091203552537961
"M",12.6,10.395,3.465,155.1875,60.625,15,"A5",453.835305,0.133583701691079
"M",11.97,8.505,3.36,115.5625,43.0625,19,"A5",342.064296,0.125890075355892
"M",13.335,10.815,3.57,159.375,63.625,16,"A5",514.85834925,0.123577679361097
"M",11.76,9.45,3.675,126.375,47.9375,15,"A5",408.4101,0.117375892515881
"M",13.545,10.185,3.255,186.125,73.9375,18,"A5",449.046210375,0.164654546217536
"M",14.49,11.34,3.885,202.4375,66.625,24,"A5",638.369991,0.104367374624914
"M",12.285,9.555,4.725,131.875,47.6875,15,"A5",554.635501875,0.0859798910073151
"M",12.39,9.66,3.255,113.25,40.875,15,"A5",389.582487,0.104920014025168
"M",13.44,10.71,3.675,171,64.375,21,"A5",528.98832,0.121694558397811
"M",8.82,6.825,2.415,36.0625,12.5,15,"A5",145.3745475,0.0859847904255729
"M",13.23,10.815,3.465,169,61,20,"A5",495.78068925,0.1230382734194
"M",13.86,11.235,4.2,223.875,91.625,15,"A5",654.01182,0.140096856353452
"M",11.13,8.715,2.73,105.3125,34.375,20,"A5",264.8044035,0.129812795956771
"M",10.395,8.4,2.94,97.1875,25.1875,15,"A5",256.71492,0.0981146713249078
"M",11.445,8.61,3.045,109.125,37.9375,18,"A5",300.05871525,0.126433588067561
"M",10.71,8.715,2.94,102.3125,37.8125,16,"A5",274.412691,0.137794282991088
"M",11.025,8.61,2.73,123.75,48.3125,15,"A5",259.1459325,0.186429705972715
"M",14.7,11.13,3.99,164.8125,68.5,18,"A5",652.80789,0.1049313297975
"M",12.915,10.08,3.99,170,66.3125,18,"A5",519.430968,0.127663739910093
"M",12.075,9.135,3.15,100.625,36.625,17,"A5",347.46114375,0.105407469752508
"M",9.555,7.665,1.995,64.25,28.0625,15,"A5",146.111954625,0.192061628851815
"M",11.865,9.765,3.15,141.0625,47.125,16,"A5",364.96443375,0.129122170935375
"M",13.23,10.185,3.675,162.5,54.1875,23,"A5",495.19724625,0.10942609315853
"M",12.075,8.4,3.255,116.5625,45.0625,17,"A5",330.15465,0.1364890665632
"M",12.18,9.66,3.465,153.4375,59.125,16,"A5",407.687742,0.145025209023822
"M",14.175,11.655,4.2,179.8125,68.125,21,"A5",693.880425,0.0981797404070017
"M",13.44,10.5,3.885,162.9375,55.5625,16,"A5",548.2512,0.101344967416396
"M",9.345,7.245,2.94,59.5,25.6875,15,"A5",199.0513035,0.129049644731415
"M",13.335,10.08,4.935,133,51.625,16,"A5",663.346908,0.0778250405291706
"M",13.755,11.13,3.675,157.9375,60.75,15,"A5",562.61732625,0.107977478057627
"M",12.81,10.29,3.15,137.875,53.125,23,"A5",415.216935,0.12794516678372
"M",13.545,10.185,4.515,189.25,68.25,16,"A5",622.870549875,0.109573329504335
"M",13.125,10.5,4.095,171.125,73.4375,17,"A5",564.3421875,0.130129381830062
"M",12.705,9.87,2.415,139.25,49.0625,15,"A5",302.83701525,0.162009587762901
"M",10.815,8.4,3.36,102.1875,31.4375,23,"A5",305.24256,0.102991863257863
"M",14.595,11.97,4.83,235.625,108.3125,19,"A5",843.8113845,0.128361031848581
"M",12.39,10.5,4.2,148.375,51.5,16,"A5",546.399,0.0942534667889216
"M",11.76,9.45,3.36,115.25,54,15,"A5",373.40352,0.144615669397011
